{
  "@type": "Dataset",
  "identifier": "10.1038/s41597-021-00814-0",
  "title": "Metadata record for: Phytoplankton morpho-functional trait dataset from French water-bodies",
  "relatedPublications": [
    {
      "doi": "https://doi.org/10.1016/j.ecolind.2019.105659",
      "@type": "ScholarlyArticle"
    }
  ],
  "repositories": [
    {
      "name": "Portail Data INRAE",
      "value": "https://doi.org/10.15454/GJGIAH",
      "@type": "DataCatalog"
    }
  ],
  "assays": [
    {
      "measurementType": {
        "annotationValue": "morphological feature",
        "termAccession": "http://purl.obolibrary.org/obo/UBERON_0034768",
        "termSource": "ENVO",
        "@type": "PropertyValue"
      },
      "technologyType": {
        "annotationValue": "digital curation",
        "termAccession": "http://purl.obolibrary.org/obo/OBI_0302914",
        "termSource": "OBI",
        "@type": "PropertyValue"
      },
      "@type": "variableMeasured"
    },
    {
      "measurementType": {
        "annotationValue": "functional",
        "termAccession": "http://purl.obolibrary.org/obo/PATO_0001510",
        "termSource": "PATO",
        "@type": "PropertyValue"
      },
      "technologyType": {
        "annotationValue": "digital curation",
        "termAccession": "http://purl.obolibrary.org/obo/OBI_0302914",
        "termSource": "OBI",
        "@type": "PropertyValue"
      },
      "@type": "variableMeasured"
    },
    {
      "measurementType": {
        "annotationValue": "biovolume",
        "@type": "PropertyValue"
      },
      "technologyType": {
        "annotationValue": "digital curation",
        "termAccession": "http://purl.obolibrary.org/obo/OBI_0302914",
        "termSource": "OBI",
        "@type": "PropertyValue"
      },
      "@type": "variableMeasured"
    },
    {
      "measurementType": {
        "annotationValue": "life form",
        "@type": "PropertyValue"
      },
      "technologyType": {
        "annotationValue": "digital curation",
        "termAccession": "http://purl.obolibrary.org/obo/OBI_0302914",
        "termSource": "OBI",
        "@type": "PropertyValue"
      },
      "@type": "variableMeasured"
    },
    {
      "measurementType": {
        "annotationValue": "geometric cell form",
        "@type": "PropertyValue"
      },
      "technologyType": {
        "annotationValue": "digital curation",
        "termAccession": "http://purl.obolibrary.org/obo/OBI_0302914",
        "termSource": "OBI",
        "@type": "PropertyValue"
      },
      "@type": "variableMeasured"
    },
    {
      "measurementType": {
        "annotationValue": "cell size",
        "@type": "PropertyValue"
      },
      "technologyType": {
        "annotationValue": "digital curation",
        "termAccession": "http://purl.obolibrary.org/obo/OBI_0302914",
        "termSource": "OBI",
        "@type": "PropertyValue"
      },
      "@type": "variableMeasured"
    },
    {
      "measurementType": {
        "annotationValue": "carbon content",
        "termAccession": "http://purl.obolibrary.org/obo/TO_0000466",
        "termSource": "PTO",
        "@type": "PropertyValue"
      },
      "technologyType": {
        "annotationValue": "digital curation",
        "termAccession": "http://purl.obolibrary.org/obo/OBI_0302914",
        "termSource": "OBI",
        "@type": "PropertyValue"
      },
      "@type": "variableMeasured"
    },
    {
      "measurementType": {
        "annotationValue": "size",
        "termAccession": "http://purl.obolibrary.org/obo/PATO_0000117",
        "termSource": "CL",
        "@type": "PropertyValue"
      },
      "technologyType": {
        "annotationValue": "digital curation",
        "termAccession": "http://purl.obolibrary.org/obo/OBI_0302914",
        "termSource": "OBI",
        "@type": "PropertyValue"
      },
      "@type": "variableMeasured"
    },
    {
      "measurementType": {
        "annotationValue": "cell motility",
        "termAccession": "http://purl.obolibrary.org/obo/GO_0048870",
        "termSource": "GO",
        "@type": "PropertyValue"
      },
      "technologyType": {
        "annotationValue": "digital curation",
        "termAccession": "http://purl.obolibrary.org/obo/OBI_0302914",
        "termSource": "OBI",
        "@type": "PropertyValue"
      },
      "@type": "variableMeasured"
    },
    {
      "measurementType": {
        "annotationValue": "mucilage",
        "termAccession": "http://purl.obolibrary.org/obo/BTO_0004617",
        "termSource": "BTO",
        "@type": "PropertyValue"
      },
      "technologyType": {
        "annotationValue": "digital curation",
        "termAccession": "http://purl.obolibrary.org/obo/OBI_0302914",
        "termSource": "OBI",
        "@type": "PropertyValue"
      },
      "@type": "variableMeasured"
    },
    {
      "measurementType": {
        "annotationValue": "presence of heterocyte",
        "@type": "PropertyValue"
      },
      "technologyType": {
        "annotationValue": "digital curation",
        "termAccession": "http://purl.obolibrary.org/obo/OBI_0302914",
        "termSource": "OBI",
        "@type": "PropertyValue"
      },
      "@type": "variableMeasured"
    },
    {
      "measurementType": {
        "annotationValue": "plastid",
        "termAccession": "http://purl.obolibrary.org/obo/GO_0009536",
        "termSource": "GO",
        "@type": "PropertyValue"
      },
      "technologyType": {
        "annotationValue": "digital curation",
        "termAccession": "http://purl.obolibrary.org/obo/OBI_0302914",
        "termSource": "OBI",
        "@type": "PropertyValue"
      },
      "@type": "variableMeasured"
    },
    {
      "measurementType": {
        "annotationValue": "presence of siliceous skeleton",
        "@type": "PropertyValue"
      },
      "technologyType": {
        "annotationValue": "digital curation",
        "termAccession": "http://purl.obolibrary.org/obo/OBI_0302914",
        "termSource": "OBI",
        "@type": "PropertyValue"
      },
      "@type": "variableMeasured"
    },
    {
      "measurementType": {
        "annotationValue": "cyanotoxin",
        "termAccession": "http://purl.obolibrary.org/obo/CHEBI_88048",
        "termSource": "CHEBI",
        "@type": "PropertyValue"
      },
      "technologyType": {
        "annotationValue": "digital curation",
        "termAccession": "http://purl.obolibrary.org/obo/OBI_0302914",
        "termSource": "OBI",
        "@type": "PropertyValue"
      },
      "@type": "variableMeasured"
    },
    {
      "measurementType": {
        "annotationValue": "protuberance",
        "termAccession": "http://purl.obolibrary.org/obo/UBERON_0010188",
        "termSource": "OAE",
        "@type": "PropertyValue"
      },
      "technologyType": {
        "annotationValue": "digital curation",
        "termAccession": "http://purl.obolibrary.org/obo/OBI_0302914",
        "termSource": "OBI",
        "@type": "PropertyValue"
      },
      "@type": "variableMeasured"
    },
    {
      "measurementType": {
        "annotationValue": "chlorophyll b",
        "termAccession": "http://purl.obolibrary.org/obo/CHEBI_27888",
        "termSource": "CHEBI",
        "@type": "PropertyValue"
      },
      "technologyType": {
        "annotationValue": "digital curation",
        "termAccession": "http://purl.obolibrary.org/obo/OBI_0302914",
        "termSource": "OBI",
        "@type": "PropertyValue"
      },
      "@type": "variableMeasured"
    },
    {
      "measurementType": {
        "annotationValue": "chlorophyll c",
        "@type": "PropertyValue"
      },
      "technologyType": {
        "annotationValue": "digital curation",
        "termAccession": "http://purl.obolibrary.org/obo/OBI_0302914",
        "termSource": "OBI",
        "@type": "PropertyValue"
      },
      "@type": "variableMeasured"
    },
    {
      "measurementType": {
        "annotationValue": "xanthophyll",
        "termAccession": "http://purl.obolibrary.org/obo/CHEBI_27325",
        "termSource": "CHEBI",
        "@type": "PropertyValue"
      },
      "technologyType": {
        "annotationValue": "digital curation",
        "termAccession": "http://purl.obolibrary.org/obo/OBI_0302914",
        "termSource": "OBI",
        "@type": "PropertyValue"
      },
      "@type": "variableMeasured"
    },
    {
      "measurementType": {
        "annotationValue": "nutrition mode",
        "@type": "PropertyValue"
      },
      "technologyType": {
        "annotationValue": "digital curation",
        "termAccession": "http://purl.obolibrary.org/obo/OBI_0302914",
        "termSource": "OBI",
        "@type": "PropertyValue"
      },
      "@type": "variableMeasured"
    },
    {
      "measurementType": {
        "annotationValue": "reproduction",
        "termAccession": "http://purl.obolibrary.org/obo/GO_0000003",
        "termSource": "GO",
        "@type": "PropertyValue"
      },
      "technologyType": {
        "annotationValue": "digital curation",
        "termAccession": "http://purl.obolibrary.org/obo/OBI_0302914",
        "termSource": "OBI",
        "@type": "PropertyValue"
      },
      "@type": "variableMeasured"
    },
    {
      "measurementType": {
        "annotationValue": "trophic water class",
        "@type": "PropertyValue"
      },
      "technologyType": {
        "annotationValue": "digital curation",
        "termAccession": "http://purl.obolibrary.org/obo/OBI_0302914",
        "termSource": "OBI",
        "@type": "PropertyValue"
      },
      "@type": "variableMeasured"
    },
    {
      "measurementType": {
        "annotationValue": "Tolerance",
        "termAccession": "http://ncicb.nci.nih.gov/xml/owl/EVS/Thesaurus.owl#C43414",
        "termSource": "NCIT",
        "@type": "PropertyValue"
      },
      "technologyType": {
        "annotationValue": "digital curation",
        "termAccession": "http://purl.obolibrary.org/obo/OBI_0302914",
        "termSource": "OBI",
        "@type": "PropertyValue"
      },
      "@type": "variableMeasured"
    },
    {
      "measurementType": {
        "annotationValue": "Reynolds group",
        "@type": "PropertyValue"
      },
      "technologyType": {
        "annotationValue": "digital curation",
        "termAccession": "http://purl.obolibrary.org/obo/OBI_0302914",
        "termSource": "OBI",
        "@type": "PropertyValue"
      },
      "@type": "variableMeasured"
    },
    {
      "measurementType": {
        "annotationValue": "presence of lorica",
        "@type": "PropertyValue"
      },
      "technologyType": {
        "annotationValue": "digital curation",
        "termAccession": "http://purl.obolibrary.org/obo/OBI_0302914",
        "termSource": "OBI",
        "@type": "PropertyValue"
      },
      "@type": "variableMeasured"
    },
    {
      "measurementType": {
        "annotationValue": "presence of plate",
        "@type": "PropertyValue"
      },
      "technologyType": {
        "annotationValue": "digital curation",
        "termAccession": "http://purl.obolibrary.org/obo/OBI_0302914",
        "termSource": "OBI",
        "@type": "PropertyValue"
      },
      "@type": "variableMeasured"
    },
    {
      "measurementType": {
        "annotationValue": "akinete formation",
        "termAccession": "http://purl.obolibrary.org/obo/GO_0034302",
        "termSource": "GO",
        "@type": "PropertyValue"
      },
      "technologyType": {
        "annotationValue": "digital curation",
        "termAccession": "http://purl.obolibrary.org/obo/OBI_0302914",
        "termSource": "OBI",
        "@type": "PropertyValue"
      },
      "@type": "variableMeasured"
    },
    {
      "measurementType": {
        "annotationValue": "number of flagella",
        "@type": "PropertyValue"
      },
      "technologyType": {
        "annotationValue": "digital curation",
        "termAccession": "http://purl.obolibrary.org/obo/OBI_0302914",
        "termSource": "OBI",
        "@type": "PropertyValue"
      },
      "@type": "variableMeasured"
    }
  ],
  "factors": [],
  "studyCharacteristics": {
    "organism": [
      {
        "annotationValue": "freshwater phytoplankton species",
        "@type": "PropertyValue"
      }
    ],
    "environmentType": [
      {
        "annotationValue": "lake",
        "termAccession": "http://purl.obolibrary.org/obo/ENVO_00000020",
        "termSource": "ENVO",
        "@type": "PropertyValue"
      },
      {
        "annotationValue": "freshwater lake",
        "termAccession": "http://purl.obolibrary.org/obo/ENVO_00000021",
        "termSource": "ENVO",
        "@type": "PropertyValue"
      }
    ],
    "geographicalLocation": [
      {
        "annotationValue": "French River Lakes",
        "termAccession": "http://purl.obolibrary.org/obo/GAZ_00269314",
        "termSource": "GAZ",
        "@type": "Place"
      }
    ],
    "@type": "variableMeasured"
  },
  "ontologySourceReferences": {
    "CL": {
      "name": "CL",
      "description": "Cell Ontology",
      "file": "http://data.bioontology.org/ontologies/CL",
      "version": "unknown",
      "@type": "DefinedTermSet"
    },
    "ENVO": {
      "name": "ENVO",
      "description": "Environment Ontology",
      "file": "http://data.bioontology.org/ontologies/ENVO",
      "version": null,
      "@type": "DefinedTermSet"
    },
    "GO": {
      "name": "GO",
      "description": "Gene Ontology",
      "file": "http://data.bioontology.org/ontologies/GO",
      "version": "releases/2019-02-23",
      "@type": "DefinedTermSet"
    },
    "GAZ": {
      "name": "GAZ",
      "description": "Gazetteer",
      "file": "http://data.bioontology.org/ontologies/GAZ",
      "version": "$Revision: 1.512 $",
      "@type": "DefinedTermSet"
    },
    "BTO": {
      "name": "BTO",
      "description": "BRENDA Tissue and Enzyme Source Ontology",
      "file": "http://data.bioontology.org/ontologies/BTO",
      "version": "unknown",
      "@type": "DefinedTermSet"
    },
    "CHEBI": {
      "name": "CHEBI",
      "description": "Chemical Entities of Biological Interest Ontology",
      "file": "http://data.bioontology.org/ontologies/CHEBI",
      "version": "172",
      "@type": "DefinedTermSet"
    },
    "OBI": {
      "name": "OBI",
      "description": "Ontology for Biomedical Investigations",
      "file": "http://data.bioontology.org/ontologies/OBI",
      "version": "2018-08-27",
      "@type": "DefinedTermSet"
    },
    "PTO": {
      "name": "PTO",
      "description": "Plant Trait Ontology",
      "file": "http://data.bioontology.org/ontologies/PTO",
      "version": "September 2018",
      "@type": "DefinedTermSet"
    },
    "OAE": {
      "name": "OAE",
      "description": "Ontology of Adverse Events",
      "file": "http://data.bioontology.org/ontologies/OAE",
      "version": "Vision Release; 1.1.356",
      "@type": "DefinedTermSet"
    },
    "NCIT": {
      "name": "NCIT",
      "description": "National Cancer Institute Thesaurus",
      "file": "http://data.bioontology.org/ontologies/NCIT",
      "version": "20.01d",
      "@type": "DefinedTermSet"
    },
    "PATO": {
      "name": "PATO",
      "description": "Phenotypic Quality Ontology",
      "file": "http://data.bioontology.org/ontologies/PATO",
      "version": "unknown",
      "@type": "DefinedTermSet"
    },
    "@type": "CategoryCodeSet"
  },
  "comments": [
    {
      "name": "Created With Configuration",
      "value": "1.0",
      "@type": "SoftwareApplication"
    },
    {
      "name": "Data Descriptor License",
      "value": "CC-BY-4.0",
      "@type": "CreativeWork"
    }
  ]
}