﻿Measurement(s),morphological feature • functional • biovolume • life form • geometric cell form • cell size • carbon content • size • cell motility • mucilage • presence of heterocyte • plastid • presence of siliceous skeleton • cyanotoxin • protuberance • chlorophyll b • chlorophyll c • xanthophyll • nutrition mode • reproduction • trophic water class • Tolerance • Reynolds group • presence of lorica • presence of plate • akinete formation • number of flagella
Technology Type(s),digital curation
Sample Characteristic - Organism,freshwater phytoplankton species
Sample Characteristic - Environment,lake • freshwater lake
Sample Characteristic - Location,French River Lakes
