"PredID","PreyID","Diet","DetritusFate"
1,1,0,0
2,1,0,1
3,1,0,1
4,1,0,1
5,1,0,1
6,1,1,1
7,1,0.333333343267441,1
8,1,0.200000002980232,1
9,1,0.200000002980232,1
10,1,0.100000001490116,1
11,1,0,1
12,1,0,1
13,1,0,1
14,1,0,1
15,1,0,1
16,1,0,1
17,1,0,1
18,1,0,1
19,1,0,1
20,1,0,1
21,1,0,1
22,1,0,1
23,1,0,1
24,1,0,1
25,1,0,1
26,1,0,1
27,1,0,1
28,1,0,1
29,1,0,1
30,1,0,1
31,1,0,1
32,1,0,1
33,1,0,1
34,1,0,1
35,1,0,1
36,1,0,1
37,1,0,1
38,1,0,1
39,1,0,1
40,1,0,1
41,1,0,1
42,1,0,1
43,1,0,1
44,1,0,1
45,1,0,1
46,1,0,1
47,1,0,1
48,1,0,1
49,1,0,1
50,1,0,1
51,1,0,1
1,2,0,0
2,2,0,0
3,2,1,0
4,2,0.5,0
5,2,0,0
6,2,0,0
7,2,0.333333343267441,0
8,2,0,0
9,2,0,0
10,2,0,0
11,2,0,0
12,2,0,0
13,2,0,0
14,2,0,0
15,2,0,0
16,2,0,0
17,2,0,0
18,2,0,0
19,2,0,0
20,2,0,0
21,2,0,0
22,2,0,0
23,2,0,0
24,2,0,0
25,2,0,0
26,2,0,0
27,2,0,0
28,2,0,0
29,2,0,0
30,2,0,0
31,2,0,0
32,2,0.00373831763863564,0
33,2,0.00373831763863564,0
34,2,0,0
35,2,0,0
36,2,0,0
37,2,0,0
38,2,0,0
39,2,0,0
40,2,0,0
41,2,0,0
42,2,0,0
43,2,0,0
44,2,0,0
45,2,0,0
46,2,0,0
47,2,0,0
48,2,0,0
49,2,0,0
50,2,0,0
51,2,0,0
1,3,0,0
2,3,0,0
3,3,0,0
4,3,0.5,0
5,3,0,0
6,3,0,0
7,3,0.333333343267441,0
8,3,0.300000011920929,0
9,3,0.100000001490116,0
10,3,0.200000002980232,0
11,3,0.992982923984528,0
12,3,0.608994364738464,0
13,3,0.993570983409882,0
14,3,0.556268692016602,0
15,3,0.467173278331757,0
16,3,0.744522452354431,0
17,3,0.0788643509149551,0
18,3,0.000220022004214115,0
19,3,0.475873231887817,0
20,3,0.17215259373188,0
21,3,0.327964425086975,0
22,3,0.327844977378845,0
23,3,0,0
24,3,0.476190477609634,0
25,3,0.00699300691485405,0
26,3,0,0
27,3,0,0
28,3,0,0
29,3,0,0
30,3,0.026041666045785,0
31,3,0.000135998910991475,0
32,3,0.934579432010651,0
33,3,0.934579432010651,0
34,3,0.226963236927986,0
35,3,0.00573284924030304,0
36,3,0.00491642113775015,0
37,3,0,0
38,3,0,0
39,3,0,0
40,3,0.00161943316925317,0
41,3,0.0131648229435086,0
42,3,0.00729128485545516,0
43,3,0,0
44,3,0,0
45,3,0.570906579494476,0
46,3,0,0
47,3,0,0
48,3,0,0
49,3,0,0
50,3,0,0
51,3,0,0
1,4,0,0
2,4,0,0
3,4,0,0
4,4,0,0
5,4,0,0
6,4,0,0
7,4,0,0
8,4,0.200000002980232,0
9,4,0.100000001490116,0
10,4,0.100000001490116,0
11,4,0.00661988602951169,0
12,4,0.390381008386612,0
13,4,0.00584453530609608,0
14,4,0.178291261196136,0
15,4,0.186869323253632,0
16,4,0.148904487490654,0
17,4,0.835962116718292,0
18,4,0.330033004283905,0
19,4,0.14276197552681,0
20,4,6.8861038016621e-05,0
21,4,0.109321475028992,0
22,4,0.109281651675701,0
23,4,0,0
24,4,0.476190477609634,0
25,4,0.00699300691485405,0
26,4,0,0
27,4,0,0
28,4,0,0
29,4,0,0
30,4,0.0520833320915699,0
31,4,0.0679994523525238,0
32,4,0.00373831763863564,0
33,4,0.00373831763863564,0
34,4,0.0907852947711945,0
35,4,0.133766487240791,0
36,4,0.00589970499277115,0
37,4,0,0
38,4,0,0
39,4,0.00038714671973139,0
40,4,0.00242914981208742,0
41,4,0,0
42,4,0.018228217959404,0
43,4,6.66466730763204e-05,0
44,4,6.57700002193451e-05,0
45,4,0.0114181321114302,0
46,4,0.499800086021423,0
47,4,0.000150738618685864,0
48,4,0,0
49,4,0,0
50,4,0.00479660741984844,0
51,4,0,0
1,5,0,0
2,5,0,0
3,5,0,0
4,5,0,0
5,5,0,0
6,5,0,0
7,5,0,0
8,5,0.300000011920929,0
9,5,0.300000011920929,0
10,5,0.200000002980232,0
11,5,0,0
12,5,0,0
13,5,0,0
14,5,0,0
15,5,0,0
16,5,0,0
17,5,0,0
18,5,0,0
19,5,0,0
20,5,0,0
21,5,0,0
22,5,0,0
23,5,0,0
24,5,0.00952380895614624,0
25,5,0,0
26,5,0,0
27,5,0,0
28,5,0,0
29,5,0,0
30,5,0,0
31,5,0,0
32,5,0,0
33,5,0,0
34,5,0,0
35,5,0,0
36,5,0,0
37,5,0,0
38,5,0,0
39,5,0,0
40,5,0,0
41,5,0,0
42,5,0,0
43,5,0,0
44,5,0,0
45,5,0,0
46,5,0,0
47,5,0,0
48,5,0,0
49,5,0,0
50,5,0.000599575927481055,0
51,5,0,0
1,6,0,0
2,6,0,0
3,6,0,0
4,6,0,0
5,6,0,0
6,6,0,0
7,6,0,0
8,6,0,0
9,6,0.100000001490116,0
10,6,0.100000001490116,0
11,6,0,0
12,6,0,0
13,6,0,0
14,6,0,0
15,6,0,0
16,6,0,0
17,6,0,0
18,6,0,0
19,6,0,0
20,6,0,0
21,6,0,0
22,6,0,0
23,6,0.00938262324780226,0
24,6,0.00952380895614624,0
25,6,0.00699300691485405,0
26,6,0.588235318660736,0
27,6,0.249875068664551,0
28,6,0.0033222590573132,0
29,6,0.00132978719193488,0
30,6,0.0364583320915699,0
31,6,0.00027199782198295,0
32,6,0.00186915881931782,0
33,6,0.00186915881931782,0
34,6,0.00136177940294147,0
35,6,0.000573284924030304,0
36,6,0,0
37,6,0,0
38,6,0,0
39,6,0,0
40,6,0,0
41,6,0,0
42,6,0,0
43,6,0,0
44,6,0,0
45,6,0,0
46,6,0,0
47,6,0.000150738618685864,0
48,6,0,0
49,6,0,0
50,6,0.0245826132595539,0
51,6,0,0
1,7,0,0
2,7,0,0
3,7,0,0
4,7,0,0
5,7,0,0
6,7,0,0
7,7,0,0
8,7,0,0
9,7,0,0
10,7,0,0
11,7,0,0
12,7,0,0
13,7,0,0
14,7,0,0
15,7,0,0
16,7,0,0
17,7,0,0
18,7,0,0
19,7,0.14276197552681,0
20,7,0.17215259373188,0
21,7,0.364404916763306,0
22,7,0.364272177219391,0
23,7,0.741227269172668,0
24,7,0,0
25,7,0.349650353193283,0
26,7,0,0
27,7,0,0
28,7,0,0
29,7,0.332446813583374,0
30,7,0.10416666418314,0
31,7,0.271997809410095,0
32,7,0.00934579409658909,0
33,7,0.00934579409658909,0
34,7,0.226963236927986,0
35,7,0.191094979643822,0
36,7,0,0
37,7,0,0
38,7,0,0
39,7,0,0
40,7,0,0
41,7,0,0
42,7,0,0
43,7,0,0
44,7,0,0
45,7,0,0
46,7,0,0
47,7,0,0
48,7,0,0
49,7,0,0
50,7,0.842004477977753,0
51,7,0,0
1,8,0,0
2,8,0,0
3,8,0,0
4,8,0,0
5,8,0,0
6,8,0,0
7,8,0,0
8,8,0,0
9,8,0.100000001490116,0
10,8,0.200000002980232,0
11,8,0.000132397719426081,0
12,8,7.80761984060518e-05,0
13,8,0.000584453518968076,0
14,8,0.178291261196136,0
15,8,0.218014195561409,0
16,8,0.106360346078873,0
17,8,0.0788643509149551,0
18,8,0.330033004283905,0
19,8,0.237936615943909,0
20,8,0.516457796096802,0
21,8,0.196778655052185,0
22,8,0.196706980466843,0
23,8,0.234565585851669,0
24,8,0.0190476179122925,0
25,8,0.629370629787445,0
26,8,0.411764711141586,0
27,8,0.749625205993652,0
28,8,0.996677756309509,0
29,8,0.664893627166748,0
30,8,0.78125,0
31,8,0.611995100975037,0
32,8,0.0467289723455906,0
33,8,0.0467289723455906,0
34,8,0.453926473855972,0
35,8,0.668832421302795,0
36,8,0.983284175395966,0
37,8,0.296841591596603,0
38,8,0.297123849391937,0
39,8,0.00967866834253073,0
40,8,0.00161943316925317,0
41,8,0.0131648229435086,0
42,8,0.36456435918808,0
43,8,6.66466730763204e-05,0
44,8,6.57700002193451e-05,0
45,8,0.411052763462067,0
46,8,0.499800086021423,0
47,8,0.572806775569916,0
48,8,0,0
49,8,0,0
50,8,0.109922252595425,0
51,8,0,0
1,9,0,0
2,9,0,0
3,9,0,0
4,9,0,0
5,9,0,0
6,9,0,0
7,9,0,0
8,9,0,0
9,9,0.100000001490116,0
10,9,0.100000001490116,0
11,9,0.000132397719426081,0
12,9,0.000312304793624207,0
13,9,0,0
14,9,0.00142633006908,0
15,9,0.00311448867432773,0
16,9,0.000212720697163604,0
17,9,0.00315457419492304,0
18,9,0.00440044002607465,0
19,9,0,0
20,9,0.103291556239128,0
21,9,0.00145761971361935,0
22,9,0.0014570887433365,0
23,9,0.00187652464956045,0
24,9,0.00952380895614624,0
25,9,0,0
26,9,0,0
27,9,0,0
28,9,0,0
29,9,0.000664893595967442,0
30,9,0,0
31,9,0.00679994560778141,0
32,9,0,0
33,9,0,0
34,9,0,0
35,9,0,0
36,9,0,0
37,9,0.00118736643344164,0
38,9,0.000356548611307517,0
39,9,0,0
40,9,0,0
41,9,0,0
42,9,0.036456435918808,0
43,9,0.0133293345570564,0
44,9,0.013154000043869,0
45,9,0.000456725276308134,0
46,9,0.000199920032173395,0
47,9,0,0
48,9,0,0
49,9,0.0500000007450581,0
50,9,0,0
51,9,0,0
1,10,0,0
2,10,0,0
3,10,0,0
4,10,0,0
5,10,0,0
6,10,0,0
7,10,0,0
8,10,0,0
9,10,0,0
10,10,0,0
11,10,0.000132397719426081,0
12,10,7.80761984060518e-05,0
13,10,0,0
14,10,0,0
15,10,0,0
16,10,0,0
17,10,0.00315457419492304,0
18,10,0.00440044002607465,0
19,10,0,0
20,10,0.0206583123654127,0
21,10,0,0
22,10,0.000364272185834125,0
23,10,0.000281478685792536,0
24,10,0,0
25,10,0,0
26,10,0,0
27,10,0,0
28,10,0,0
29,10,0,0
30,10,0,0
31,10,0,0
32,10,0,0
33,10,0,0
34,10,0,0
35,10,0,0
36,10,0,0
37,10,0.000237473272136413,0
38,10,0.000118849537102506,0
39,10,0,0
40,10,0,0
41,10,0,0
42,10,0,0
43,10,0.00666466727852821,0
44,10,0.0197310000658035,0
45,10,0,0
46,10,0,0
47,10,0,0
48,10,0,0
49,10,0,0
50,10,0,0
51,10,0,0
1,11,0,0
2,11,0,0
3,11,0,0
4,11,0,0
5,11,0,0
6,11,0,0
7,11,0,0
8,11,0,0
9,11,0,0
10,11,0,0
11,11,0,0
12,11,7.80761984060518e-05,0
13,11,0,0
14,11,0.0142633002251387,0
15,11,0.0311448853462934,0
16,11,0,0
17,11,0,0
18,11,0.110011003911495,0
19,11,0,0
20,11,0.00137722073122859,0
21,11,0,0
22,11,0,0
23,11,0.00469131162390113,0
24,11,0,0
25,11,0,0
26,11,0,0
27,11,0,0
28,11,0,0
29,11,0,0
30,11,0,0
31,11,0,0
32,11,0,0
33,11,0,0
34,11,0,0
35,11,0,0
36,11,0.000983284204266965,0
37,11,0.0237473286688328,0
38,11,0.0237699076533318,0
39,11,0.0116144027560949,0
40,11,0.000809716584626585,0
41,11,0,0
42,11,0.000729128660168499,0
43,11,0.0333233363926411,0
44,11,0.0328850001096725,0
45,11,0,0
46,11,0,0
47,11,0.00301477243192494,0
48,11,0.00699185393750668,0
49,11,0.0500000007450581,0
50,11,0,0
51,11,0.0474999994039536,0
1,12,0,0
2,12,0,0
3,12,0,0
4,12,0,0
5,12,0,0
6,12,0,0
7,12,0,0
8,12,0,0
9,12,0,0
10,12,0,0
11,12,0,0
12,12,0,0
13,12,0,0
14,12,0,0
15,12,0,0
16,12,0,0
17,12,0,0
18,12,0.110011003911495,0
19,12,0,0
20,12,0,0
21,12,0,0
22,12,0,0
23,12,9.38262310228311e-05,0
24,12,0,0
25,12,0,0
26,12,0,0
27,12,0,0
28,12,0,0
29,12,0,0
30,12,0,0
31,12,0,0
32,12,0,0
33,12,0,0
34,12,0,0
35,12,0,0
36,12,0,0
37,12,0.000118736636068206,0
38,12,0.000118849537102506,0
39,12,0.580720067024231,0
40,12,0.000809716584626585,0
41,12,0.105318583548069,0
42,12,0,0
43,12,0.233263358473778,0
44,12,0.230195000767708,0
45,12,0,0
46,12,0,0
47,12,0.120590895414352,0
48,12,0.00699185393750668,0
49,12,0.100000001490116,0
50,12,0,0
51,12,0.0949999988079071,0
1,13,0,0
2,13,0,0
3,13,0,0
4,13,0,0
5,13,0,0
6,13,0,0
7,13,0,0
8,13,0,0
9,13,0,0
10,13,0,0
11,13,0,0
12,13,0,0
13,13,0,0
14,13,0,0
15,13,0,0
16,13,0,0
17,13,0,0
18,13,0.110011003911495,0
19,13,0,0
20,13,0,0
21,13,0,0
22,13,0,0
23,13,0.000281478685792536,0
24,13,0,0
25,13,0,0
26,13,0,0
27,13,0,0
28,13,0,0
29,13,0,0
30,13,0,0
31,13,0,0
32,13,0,0
33,13,0,0
34,13,0,0
35,13,0,0
36,13,0,0
37,13,0.000118736636068206,0
38,13,0.000118849537102506,0
39,13,0.38714674115181,0
40,13,0.000809716584626585,0
41,13,0.0789889395236969,0
42,13,0,0
43,13,0.233263358473778,0
44,13,0.230195000767708,0
45,13,0,0
46,13,0,0
47,13,0.07536930590868,0
48,13,0.000199767237063497,0
49,13,0.100000001490116,0
50,13,0.000199858637643047,0
51,13,0.00130000000353903,0
1,14,0,0
2,14,0,0
3,14,0,0
4,14,0,0
5,14,0,0
6,14,0,0
7,14,0,0
8,14,0,0
9,14,0,0
10,14,0,0
11,14,0,0
12,14,0,0
13,14,0,0
14,14,7.13164990884252e-05,0
15,14,6.22897714492865e-05,0
16,14,0,0
17,14,0,0
18,14,0.000220022004214115,0
19,14,0,0
20,14,0,0
21,14,0,0
22,14,0,0
23,14,9.38262310228311e-05,0
24,14,0,0
25,14,0,0
26,14,0,0
27,14,0,0
28,14,0,0
29,14,0,0
30,14,0,0
31,14,0,0
32,14,0,0
33,14,0,0
34,14,0,0
35,14,0,0
36,14,0,0
37,14,0.000356209930032492,0
38,14,0.000356548611307517,0
39,14,0.00038714671973139,0
40,14,0,0
41,14,0.0526592917740345,0
42,14,0.000364564330084249,0
43,14,0.0333233363926411,0
44,14,0.0328850001096725,0
45,14,0,0
46,14,0,0
47,14,0.07536930590868,0
48,14,9.98836185317487e-05,0
49,14,0,0
50,14,0.00229837442748249,0
51,14,0.00329999998211861,0
1,15,0,0
2,15,0,0
3,15,0,0
4,15,0,0
5,15,0,0
6,15,0,0
7,15,0,0
8,15,0,0
9,15,0,0
10,15,0,0
11,15,0,0
12,15,0,0
13,15,0,0
14,15,0,0
15,15,0,0
16,15,0,0
17,15,0,0
18,15,0,0
19,15,0,0
20,15,0,0
21,15,0,0
22,15,0,0
23,15,0,0
24,15,0,0
25,15,0,0
26,15,0,0
27,15,0,0
28,15,0,0
29,15,0,0
30,15,0,0
31,15,0,0
32,15,0,0
33,15,0,0
34,15,0,0
35,15,0,0
36,15,0,0
37,15,0,0
38,15,0,0
39,15,0.00038714671973139,0
40,15,0,0
41,15,0.0526592917740345,0
42,15,0,0
43,15,0.0399880036711693,0
44,15,0.0394620001316071,0
45,15,0,0
46,15,0,0
47,15,0.07536930590868,0
48,15,0,0
49,15,0,0
50,15,0,0
51,15,0,0
1,16,0,0
2,16,0,0
3,16,0,0
4,16,0,0
5,16,0,0
6,16,0,0
7,16,0,0
8,16,0,0
9,16,0,0
10,16,0,0
11,16,0,0
12,16,7.80761984060518e-05,0
13,16,0,0
14,16,0.0713165029883385,0
15,16,0.0934346616268158,0
16,16,0,0
17,16,0,0
18,16,0.000660065968986601,0
19,16,0.000666222535073757,0
20,16,0.0137722073122859,0
21,16,7.28809827705845e-05,0
22,16,7.28544328012504e-05,0
23,16,0.00750609859824181,0
24,16,0,0
25,16,0,0
26,16,0,0
27,16,0.000499750138260424,0
28,16,0,0
29,16,0.000664893595967442,0
30,16,0,0
31,16,0.0407996736466885,0
32,16,0,0
33,16,0,0
34,16,0,0
35,16,0,0
36,16,0.00294985249638557,0
37,16,0.178104966878891,0
38,16,0.178274303674698,0
39,16,0,0
40,16,0.000809716584626585,0
41,16,0.0026329648680985,0
42,16,0.00729128485545516,0
43,16,0.299910038709641,0
44,16,0.295965015888214,0
45,16,0.00616579130291939,0
46,16,0,0
47,16,0.07536930590868,0
48,16,9.98836185317487e-05,0
49,16,0,0
50,16,0.00339759676717222,0
51,16,0.000699999975040555,0
1,17,0,0
2,17,0,0
3,17,0,0
4,17,0,0
5,17,0,0
6,17,0,0
7,17,0,0
8,17,0,0
9,17,0,0
10,17,0,0
11,17,0,0
12,17,0,0
13,17,0,0
14,17,0,0
15,17,0,0
16,17,0,0
17,17,0,0
18,17,0,0
19,17,0,0
20,17,0,0
21,17,0,0
22,17,0,0
23,17,0,0
24,17,0,0
25,17,0,0
26,17,0,0
27,17,0,0
28,17,0,0
29,17,0,0
30,17,0,0
31,17,0,0
32,17,0,0
33,17,0,0
34,17,0,0
35,17,0,0
36,17,0,0
37,17,0,0
38,17,0,0
39,17,0,0
40,17,0,0
41,17,0,0
42,17,0,0
43,17,0,0
44,17,0,0
45,17,0,0
46,17,0,0
47,17,0,0
48,17,0.00449476297944784,0
49,17,0,0
50,17,0,0
51,17,0,0
1,18,0,0
2,18,0,0
3,18,0,0
4,18,0,0
5,18,0,0
6,18,0,0
7,18,0,0
8,18,0,0
9,18,0,0
10,18,0,0
11,18,0,0
12,18,0,0
13,18,0,0
14,18,0,0
15,18,0,0
16,18,0,0
17,18,0,0
18,18,0,0
19,18,0,0
20,18,0,0
21,18,0,0
22,18,0,0
23,18,0,0
24,18,0,0
25,18,0,0
26,18,0,0
27,18,0,0
28,18,0,0
29,18,0,0
30,18,0,0
31,18,0,0
32,18,0,0
33,18,0,0
34,18,0,0
35,18,0,0
36,18,0,0
37,18,0,0
38,18,0,0
39,18,0,0
40,18,0,0
41,18,0,0
42,18,0,0
43,18,0,0
44,18,0,0
45,18,0,0
46,18,0,0
47,18,0,0
48,18,0.00449476297944784,0
49,18,0,0
50,18,0,0
51,18,0,0
1,19,0,0
2,19,0,0
3,19,0,0
4,19,0,0
5,19,0,0
6,19,0,0
7,19,0,0
8,19,0,0
9,19,0,0
10,19,0,0
11,19,0,0
12,19,0,0
13,19,0,0
14,19,0,0
15,19,0,0
16,19,0,0
17,19,0,0
18,19,0,0
19,19,0,0
20,19,0,0
21,19,0,0
22,19,0,0
23,19,0,0
24,19,0,0
25,19,0,0
26,19,0,0
27,19,0,0
28,19,0,0
29,19,0,0
30,19,0,0
31,19,0,0
32,19,0,0
33,19,0,0
34,19,0,0
35,19,0,0
36,19,0,0
37,19,0,0
38,19,0,0
39,19,0,0
40,19,0,0
41,19,0,0
42,19,0,0
43,19,0,0
44,19,0,0
45,19,0,0
46,19,0,0
47,19,0,0
48,19,0.0109871979802847,0
49,19,0,0
50,19,0,0
51,19,0,0
1,20,0,0
2,20,0,0
3,20,0,0
4,20,0,0
5,20,0,0
6,20,0,0
7,20,0,0
8,20,0,0
9,20,0,0
10,20,0,0
11,20,0,0
12,20,0,0
13,20,0,0
14,20,0,0
15,20,0,0
16,20,0,0
17,20,0,0
18,20,0,0
19,20,0,0
20,20,0,0
21,20,0,0
22,20,0,0
23,20,0,0
24,20,0,0
25,20,0,0
26,20,0,0
27,20,0,0
28,20,0,0
29,20,0,0
30,20,0,0
31,20,0,0
32,20,0,0
33,20,0,0
34,20,0,0
35,20,0,0
36,20,0,0
37,20,0,0
38,20,0,0
39,20,0,0
40,20,0,0
41,20,0,0
42,20,0,0
43,20,0,0
44,20,0,0
45,20,0,0
46,20,0,0
47,20,0,0
48,20,0.0109871979802847,0
49,20,0,0
50,20,0,0
51,20,0,0
1,21,0,0
2,21,0,0
3,21,0,0
4,21,0,0
5,21,0,0
6,21,0,0
7,21,0,0
8,21,0,0
9,21,0,0
10,21,0,0
11,21,0,0
12,21,0,0
13,21,0,0
14,21,0,0
15,21,0,0
16,21,0,0
17,21,0,0
18,21,0,0
19,21,0,0
20,21,0,0
21,21,0,0
22,21,0,0
23,21,0,0
24,21,0,0
25,21,0,0
26,21,0,0
27,21,0,0
28,21,0,0
29,21,0,0
30,21,0,0
31,21,0,0
32,21,0,0
33,21,0,0
34,21,0,0
35,21,0,0
36,21,0,0
37,21,0,0
38,21,0,0
39,21,0,0
40,21,0,0
41,21,0.000263296475168318,0
42,21,0,0
43,21,0.00133293343242258,0
44,21,0.00131540012080222,0
45,21,0,0
46,21,0,0
47,21,0,0
48,21,0.00699185393750668,0
49,21,0,0
50,21,0.000199858637643047,0
51,21,0.00579999992623925,0
1,22,0,0
2,22,0,0
3,22,0,0
4,22,0,0
5,22,0,0
6,22,0,0
7,22,0,0
8,22,0,0
9,22,0,0
10,22,0,0
11,22,0,0
12,22,0,0
13,22,0,0
14,22,0,0
15,22,0,0
16,22,0,0
17,22,0,0
18,22,0,0
19,22,0,0
20,22,0,0
21,22,0,0
22,22,0,0
23,22,0,0
24,22,0,0
25,22,0,0
26,22,0,0
27,22,0,0
28,22,0,0
29,22,0,0
30,22,0,0
31,22,0,0
32,22,0,0
33,22,0,0
34,22,0,0
35,22,0,0
36,22,0,0
37,22,0,0
38,22,0,0
39,22,0,0
40,22,0,0
41,22,0,0
42,22,0,0
43,22,0,0
44,22,0,0
45,22,0,0
46,22,0,0
47,22,0,0
48,22,0.00699185393750668,0
49,22,0,0
50,22,0.000299787963740528,0
51,22,0.00579999992623925,0
1,23,0,0
2,23,0,0
3,23,0,0
4,23,0,0
5,23,0,0
6,23,0,0
7,23,0,0
8,23,0,0
9,23,0,0
10,23,0,0
11,23,0,0
12,23,0,0
13,23,0,0
14,23,0,0
15,23,0,0
16,23,0,0
17,23,0,0
18,23,0,0
19,23,0,0
20,23,0,0
21,23,0,0
22,23,0,0
23,23,0,0
24,23,0,0
25,23,0,0
26,23,0,0
27,23,0,0
28,23,0,0
29,23,0,0
30,23,0,0
31,23,0,0
32,23,0,0
33,23,0,0
34,23,0,0
35,23,0,0
36,23,0,0
37,23,0,0
38,23,0,0
39,23,0,0
40,23,0,0
41,23,0,0
42,23,0,0
43,23,0,0
44,23,0,0
45,23,0,0
46,23,0,0
47,23,0,0
48,23,0.00699185393750668,0
49,23,0,0
50,23,0,0
51,23,0.00579999992623925,0
1,24,0,0
2,24,0,0
3,24,0,0
4,24,0,0
5,24,0,0
6,24,0,0
7,24,0,0
8,24,0,0
9,24,0,0
10,24,0,0
11,24,0,0
12,24,0,0
13,24,0,0
14,24,0,0
15,24,0,0
16,24,0,0
17,24,0,0
18,24,0,0
19,24,0,0
20,24,0,0
21,24,0,0
22,24,0,0
23,24,0,0
24,24,0,0
25,24,0,0
26,24,0,0
27,24,0,0
28,24,0,0
29,24,0,0
30,24,0,0
31,24,0,0
32,24,0,0
33,24,0,0
34,24,0,0
35,24,0,0
36,24,0,0
37,24,0.000118736636068206,0
38,24,0.000118849537102506,0
39,24,0,0
40,24,0,0
41,24,0.000263296475168318,0
42,24,0,0
43,24,0,0
44,24,0,0
45,24,0,0
46,24,0,0
47,24,0.000150738618685864,0
48,24,0.0259697418659925,0
49,24,0,0
50,24,0,0
51,24,0,0
1,25,0,0
2,25,0,0
3,25,0,0
4,25,0,0
5,25,0,0
6,25,0,0
7,25,0,0
8,25,0,0
9,25,0,0
10,25,0,0
11,25,0,0
12,25,0,0
13,25,0,0
14,25,0,0
15,25,0,0
16,25,0,0
17,25,0,0
18,25,0,0
19,25,0,0
20,25,0,0
21,25,0,0
22,25,0,0
23,25,0,0
24,25,0,0
25,25,0,0
26,25,0,0
27,25,0,0
28,25,0,0
29,25,0,0
30,25,0,0
31,25,0,0
32,25,0,0
33,25,0,0
34,25,0,0
35,25,0,0
36,25,0,0
37,25,0.000237473272136413,0
38,25,0.000237699074205011,0
39,25,0,0
40,25,0,0
41,25,0.000263296475168318,0
42,25,0,0
43,25,0,0
44,25,0,0
45,25,0,0
46,25,0,0
47,25,0,0
48,25,0.0259697418659925,0
49,25,0,0
50,25,0,0
51,25,0,0
1,26,0,0
2,26,0,0
3,26,0,0
4,26,0,0
5,26,0,0
6,26,0,0
7,26,0,0
8,26,0,0
9,26,0,0
10,26,0,0
11,26,0,0
12,26,0,0
13,26,0,0
14,26,0,0
15,26,0,0
16,26,0,0
17,26,0,0
18,26,0,0
19,26,0,0
20,26,0,0
21,26,0,0
22,26,0,0
23,26,0,0
24,26,0,0
25,26,0,0
26,26,0,0
27,26,0,0
28,26,0,0
29,26,0,0
30,26,0,0
31,26,0,0
32,26,0,0
33,26,0,0
34,26,0,0
35,26,0,0
36,26,0,0
37,26,0.000118736636068206,0
38,26,0.000118849537102506,0
39,26,0,0
40,26,0,0
41,26,0.000526592950336635,0
42,26,0,0
43,26,0,0
44,26,0,0
45,26,0,0
46,26,0,0
47,26,0.000301477237371728,0
48,26,0.0179790519177914,0
49,26,0,0
50,26,0,0
51,26,0,0
1,27,0,0
2,27,0,0
3,27,0,0
4,27,0,0
5,27,0,0
6,27,0,0
7,27,0,0
8,27,0,0
9,27,0,0
10,27,0,0
11,27,0,0
12,27,0,0
13,27,0,0
14,27,0,0
15,27,0,0
16,27,0,0
17,27,0,0
18,27,0,0
19,27,0,0
20,27,0,0
21,27,0,0
22,27,0,0
23,27,0,0
24,27,0,0
25,27,0,0
26,27,0,0
27,27,0,0
28,27,0,0
29,27,0,0
30,27,0,0
31,27,0,0
32,27,0,0
33,27,0,0
34,27,0,0
35,27,0,0
36,27,0,0
37,27,0,0
38,27,0,0
39,27,0,0
40,27,0,0
41,27,0,0
42,27,0,0
43,27,0,0
44,27,0,0
45,27,0,0
46,27,0,0
47,27,0,0
48,27,0,0
49,27,0,0
50,27,0,0
51,27,0,0
1,28,0,0
2,28,0,0
3,28,0,0
4,28,0,0
5,28,0,0
6,28,0,0
7,28,0,0
8,28,0,0
9,28,0,0
10,28,0,0
11,28,0,0
12,28,0,0
13,28,0,0
14,28,0,0
15,28,0,0
16,28,0,0
17,28,0,0
18,28,0,0
19,28,0,0
20,28,0,0
21,28,0,0
22,28,0,0
23,28,0,0
24,28,0,0
25,28,0,0
26,28,0,0
27,28,0,0
28,28,0,0
29,28,0,0
30,28,0,0
31,28,0,0
32,28,0,0
33,28,0,0
34,28,0,0
35,28,0,0
36,28,0.000983284204266965,0
37,28,0,0
38,28,0,0
39,28,0,0
40,28,0,0
41,28,0,0
42,28,0,0
43,28,0,0
44,28,0,0
45,28,0,0
46,28,0,0
47,28,0,0
48,28,0.0129848709329963,0
49,28,0,0
50,28,0,0
51,28,0.00310000008903444,0
1,29,0,0
2,29,0,0
3,29,0,0
4,29,0,0
5,29,0,0
6,29,0,0
7,29,0,0
8,29,0,0
9,29,0,0
10,29,0,0
11,29,0,0
12,29,0,0
13,29,0,0
14,29,0,0
15,29,0,0
16,29,0,0
17,29,0,0
18,29,0,0
19,29,0,0
20,29,0,0
21,29,0,0
22,29,0,0
23,29,0,0
24,29,0,0
25,29,0,0
26,29,0,0
27,29,0,0
28,29,0,0
29,29,0,0
30,29,0,0
31,29,0,0
32,29,0,0
33,29,0,0
34,29,0,0
35,29,0,0
36,29,0,0
37,29,0,0
38,29,0,0
39,29,0.00967866834253073,0
40,29,0,0
41,29,0,0
42,29,0,0
43,29,0,0
44,29,0,0
45,29,0,0
46,29,0,0
47,29,0,0
48,29,0,0
49,29,0,0
50,29,0,0
51,29,0,0
1,30,0,0
2,30,0,0
3,30,0,0
4,30,0,0
5,30,0,0
6,30,0,0
7,30,0,0
8,30,0,0
9,30,0,0
10,30,0,0
11,30,0,0
12,30,0,0
13,30,0,0
14,30,0,0
15,30,0,0
16,30,0,0
17,30,0,0
18,30,0,0
19,30,0,0
20,30,6.8861038016621e-05,0
21,30,0,0
22,30,0,0
23,30,0,0
24,30,0,0
25,30,0,0
26,30,0,0
27,30,0,0
28,30,0,0
29,30,0,0
30,30,0,0
31,30,0,0
32,30,0,0
33,30,0,0
34,30,0,0
35,30,0,0
36,30,0,0
37,30,0.0237473286688328,0
38,30,0.0237699076533318,0
39,30,0,0
40,30,0.000809716584626585,0
41,30,0,0
42,30,0.18228217959404,0
43,30,0.0333233363926411,0
44,30,0.0328850001096725,0
45,30,0,0
46,30,0,0
47,30,0,0
48,30,0.0014982542488724,0
49,30,0,0
50,30,0,0
51,30,0,0
1,31,0,0
2,31,0,0
3,31,0,0
4,31,0,0
5,31,0,0
6,31,0,0
7,31,0,0
8,31,0,0
9,31,0,0
10,31,0,0
11,31,0,0
12,31,0,0
13,31,0,0
14,31,0,0
15,31,0,0
16,31,0,0
17,31,0,0
18,31,0,0
19,31,0,0
20,31,0,0
21,31,0,0
22,31,0,0
23,31,0,0
24,31,0,0
25,31,0,0
26,31,0,0
27,31,0,0
28,31,0,0
29,31,0,0
30,31,0,0
31,31,0,0
32,31,0,0
33,31,0,0
34,31,0,0
35,31,0,0
36,31,0,0
37,31,0.0593683198094368,0
38,31,0.0594247691333294,0
39,31,0,0
40,31,0,0
41,31,0.00526592973619699,0
42,31,0,0
43,31,0.0666466727852821,0
44,31,0.0657700002193451,0
45,31,0,0
46,31,0,0
47,31,0,0
48,31,0.0014982542488724,0
49,31,0,0
50,31,0,0
51,31,0,0
1,32,0,0
2,32,0,0
3,32,0,0
4,32,0,0
5,32,0,0
6,32,0,0
7,32,0,0
8,32,0,0
9,32,0,0
10,32,0,0
11,32,0,0
12,32,0,0
13,32,0,0
14,32,0,0
15,32,0,0
16,32,0,0
17,32,0,0
18,32,0,0
19,32,0,0
20,32,0,0
21,32,0,0
22,32,0,0
23,32,0,0
24,32,0,0
25,32,0,0
26,32,0,0
27,32,0,0
28,32,0,0
29,32,0,0
30,32,0,0
31,32,0,0
32,32,0,0
33,32,0,0
34,32,0,0
35,32,0,0
36,32,0,0
37,32,0,0
38,32,0,0
39,32,0,0
40,32,0,0
41,32,0.0078988941386342,0
42,32,0,0
43,32,0.000333233358105645,0
44,32,0.000328850030200556,0
45,32,0,0
46,32,0,0
47,32,0.000150738618685864,0
48,32,0,0
49,32,0,0
50,32,0,0
51,32,0,0
1,33,0,0
2,33,0,0
3,33,0,0
4,33,0,0
5,33,0,0
6,33,0,0
7,33,0,0
8,33,0,0
9,33,0,0
10,33,0,0
11,33,0,0
12,33,0,0
13,33,0,0
14,33,0,0
15,33,0,0
16,33,0,0
17,33,0,0
18,33,0,0
19,33,0,0
20,33,0,0
21,33,0,0
22,33,0,0
23,33,0,0
24,33,0,0
25,33,0,0
26,33,0,0
27,33,0,0
28,33,0,0
29,33,0,0
30,33,0,0
31,33,0,0
32,33,0,0
33,33,0,0
34,33,0,0
35,33,0,0
36,33,0,0
37,33,0,0
38,33,0,0
39,33,0,0
40,33,0,0
41,33,0,0
42,33,0,0
43,33,0,0
44,33,0,0
45,33,0,0
46,33,0,0
47,33,0,0
48,33,0,0
49,33,0.100000001490116,0
50,33,0,0
51,33,9.99999974737875e-05,0
1,34,0,0
2,34,0,0
3,34,0,0
4,34,0,0
5,34,0,0
6,34,0,0
7,34,0,0
8,34,0,0
9,34,0,0
10,34,0,0
11,34,0,0
12,34,0,0
13,34,0,0
14,34,0,0
15,34,0,0
16,34,0,0
17,34,0,0
18,34,0,0
19,34,0,0
20,34,0,0
21,34,0,0
22,34,0,0
23,34,0,0
24,34,0,0
25,34,0,0
26,34,0,0
27,34,0,0
28,34,0,0
29,34,0,0
30,34,0,0
31,34,0,0
32,34,0,0
33,34,0,0
34,34,0,0
35,34,0,0
36,34,0,0
37,34,0.178104966878891,0
38,34,0.178274303674698,0
39,34,0,0
40,34,0.161943316459656,0
41,34,0.131648242473602,0
42,34,0.018228217959404,0
43,34,0,0
44,34,0,0
45,34,0,0
46,34,0,0
47,34,0,0
48,34,0,0
49,34,0,0
50,34,0,0
51,34,0,0
1,35,0,0
2,35,0,0
3,35,0,0
4,35,0,0
5,35,0,0
6,35,0,0
7,35,0,0
8,35,0,0
9,35,0,0
10,35,0,0
11,35,0,0
12,35,0,0
13,35,0,0
14,35,0,0
15,35,0,0
16,35,0,0
17,35,0,0
18,35,0,0
19,35,0,0
20,35,0,0
21,35,0,0
22,35,0,0
23,35,0,0
24,35,0,0
25,35,0,0
26,35,0,0
27,35,0,0
28,35,0,0
29,35,0,0
30,35,0,0
31,35,0,0
32,35,0,0
33,35,0,0
34,35,0,0
35,35,0,0
36,35,0,0
37,35,0.118736639618874,0
38,35,0.118849538266659,0
39,35,0,0
40,35,0.809716582298279,0
41,35,0.263296484947205,0
42,35,0,0
43,35,0.000166616679052822,0
44,35,0.000164425015100278,0
45,35,0,0
46,35,0,0
47,35,0.000452215841505677,0
48,35,0.141834735870361,0
49,35,0,0
50,35,0,0
51,35,0,0
1,36,0,0
2,36,0,0
3,36,0,0
4,36,0,0
5,36,0,0
6,36,0,0
7,36,0,0
8,36,0,0
9,36,0,0
10,36,0,0
11,36,0,0
12,36,0,0
13,36,0,0
14,36,0,0
15,36,0,0
16,36,0,0
17,36,0,0
18,36,0,0
19,36,0,0
20,36,0,0
21,36,0,0
22,36,0,0
23,36,0,0
24,36,0,0
25,36,0,0
26,36,0,0
27,36,0,0
28,36,0,0
29,36,0,0
30,36,0,0
31,36,0,0
32,36,0,0
33,36,0,0
34,36,0,0
35,36,0,0
36,36,0,0
37,36,0.000118736636068206,0
38,36,0.000118849537102506,0
39,36,0,0
40,36,0.0161943323910236,0
41,36,0.000526592950336635,0
42,36,0,0
43,36,0.00299910013563931,0
44,36,0.00295965000987053,0
45,36,0,0
46,36,0,0
47,36,0.000150738618685864,0
48,36,0,0
49,36,0,0
50,36,0,0
51,36,0,0
1,37,0,0
2,37,0,0
3,37,0,0
4,37,0,0
5,37,0,0
6,37,0,0
7,37,0,0
8,37,0,0
9,37,0,0
10,37,0,0
11,37,0,0
12,37,0,0
13,37,0,0
14,37,0,0
15,37,0,0
16,37,0,0
17,37,0,0
18,37,0,0
19,37,0,0
20,37,0,0
21,37,0,0
22,37,0,0
23,37,0,0
24,37,0,0
25,37,0,0
26,37,0,0
27,37,0,0
28,37,0,0
29,37,0,0
30,37,0,0
31,37,0,0
32,37,0,0
33,37,0,0
34,37,0,0
35,37,0,0
36,37,0,0
37,37,0,0
38,37,0,0
39,37,0,0
40,37,0,0
41,37,0,0
42,37,0,0
43,37,0,0
44,37,0,0
45,37,0,0
46,37,0,0
47,37,0,0
48,37,0.0854004994034767,0
49,37,0,0
50,37,0,0
51,37,0,0
1,38,0,0
2,38,0,0
3,38,0,0
4,38,0,0
5,38,0,0
6,38,0,0
7,38,0,0
8,38,0,0
9,38,0,0
10,38,0,0
11,38,0,0
12,38,0,0
13,38,0,0
14,38,0,0
15,38,0,0
16,38,0,0
17,38,0,0
18,38,0,0
19,38,0,0
20,38,0,0
21,38,0,0
22,38,0,0
23,38,0,0
24,38,0,0
25,38,0,0
26,38,0,0
27,38,0,0
28,38,0,0
29,38,0,0
30,38,0,0
31,38,0,0
32,38,0,0
33,38,0,0
34,38,0,0
35,38,0,0
36,38,0,0
37,38,0,0
38,38,0,0
39,38,0,0
40,38,0,0
41,38,0.0078988941386342,0
42,38,0,0
43,38,0,0
44,38,0,0
45,38,0,0
46,38,0,0
47,38,0,0
48,38,0.0854004994034767,0
49,38,0,0
50,38,0,0
51,38,0,0
1,39,0,0
2,39,0,0
3,39,0,0
4,39,0,0
5,39,0,0
6,39,0,0
7,39,0,0
8,39,0,0
9,39,0,0
10,39,0,0
11,39,0,0
12,39,0,0
13,39,0,0
14,39,0,0
15,39,0,0
16,39,0,0
17,39,0,0
18,39,0,0
19,39,0,0
20,39,0,0
21,39,0,0
22,39,0,0
23,39,0,0
24,39,0,0
25,39,0,0
26,39,0,0
27,39,0,0
28,39,0,0
29,39,0,0
30,39,0,0
31,39,0,0
32,39,0,0
33,39,0,0
34,39,0,0
35,39,0,0
36,39,0,0
37,39,0,0
38,39,0,0
39,39,0,0
40,39,0,0
41,39,0,0
42,39,0,0
43,39,0,0
44,39,0,0
45,39,0,0
46,39,0,0
47,39,0,0
48,39,0,0
49,39,0,0
50,39,0,0
51,39,0,0
1,40,0,0
2,40,0,0
3,40,0,0
4,40,0,0
5,40,0,0
6,40,0,0
7,40,0,0
8,40,0,0
9,40,0,0
10,40,0,0
11,40,0,0
12,40,0,0
13,40,0,0
14,40,0,0
15,40,0,0
16,40,0,0
17,40,0,0
18,40,0,0
19,40,0,0
20,40,0,0
21,40,0,0
22,40,0,0
23,40,0,0
24,40,0,0
25,40,0,0
26,40,0,0
27,40,0,0
28,40,0,0
29,40,0,0
30,40,0,0
31,40,0,0
32,40,0,0
33,40,0,0
34,40,0,0
35,40,0,0
36,40,0,0
37,40,0,0
38,40,0,0
39,40,0,0
40,40,0.000809716584626585,0
41,40,0.000263296475168318,0
42,40,0,0
43,40,0,0
44,40,0,0
45,40,0,0
46,40,0,0
47,40,0,0
48,40,0.0294656679034233,0
49,40,0,0
50,40,0,0
51,40,0.00219999998807907,0
1,41,0,0
2,41,0,0
3,41,0,0
4,41,0,0
5,41,0,0
6,41,0,0
7,41,0,0
8,41,0,0
9,41,0,0
10,41,0,0
11,41,0,0
12,41,0,0
13,41,0,0
14,41,0,0
15,41,0,0
16,41,0,0
17,41,0,0
18,41,0,0
19,41,0,0
20,41,0,0
21,41,0,0
22,41,0,0
23,41,0,0
24,41,0,0
25,41,0,0
26,41,0,0
27,41,0,0
28,41,0,0
29,41,0,0
30,41,0,0
31,41,0,0
32,41,0,0
33,41,0,0
34,41,0,0
35,41,0,0
36,41,0,0
37,41,0,0
38,41,0,0
39,41,0,0
40,41,0,0
41,41,0,0
42,41,0,0
43,41,0,0
44,41,0,0
45,41,0,0
46,41,0,0
47,41,0,0
48,41,0.0294656679034233,0
49,41,0,0
50,41,0,0
51,41,0,0
1,42,0,0
2,42,0,0
3,42,0,0
4,42,0,0
5,42,0,0
6,42,0,0
7,42,0,0
8,42,0,0
9,42,0,0
10,42,0,0
11,42,0,0
12,42,0,0
13,42,0,0
14,42,0,0
15,42,0,0
16,42,0,0
17,42,0,0
18,42,0,0
19,42,0,0
20,42,0,0
21,42,0,0
22,42,0,0
23,42,0,0
24,42,0,0
25,42,0,0
26,42,0,0
27,42,0,0
28,42,0,0
29,42,0,0
30,42,0,0
31,42,0,0
32,42,0,0
33,42,0,0
34,42,0,0
35,42,0,0
36,42,0,0
37,42,0,0
38,42,0,0
39,42,0,0
40,42,0,0
41,42,0,0
42,42,0,0
43,42,0,0
44,42,0,0
45,42,0,0
46,42,0,0
47,42,0,0
48,42,0.00169802154414356,0
49,42,0,0
50,42,0,0
51,42,0,0
1,43,0,0
2,43,0,0
3,43,0,0
4,43,0,0
5,43,0,0
6,43,0,0
7,43,0,0
8,43,0,0
9,43,0,0
10,43,0,0
11,43,0,0
12,43,0,0
13,43,0,0
14,43,0,0
15,43,0,0
16,43,0,0
17,43,0,0
18,43,0,0
19,43,0,0
20,43,0,0
21,43,0,0
22,43,0,0
23,43,0,0
24,43,0,0
25,43,0,0
26,43,0,0
27,43,0,0
28,43,0,0
29,43,0,0
30,43,0,0
31,43,0,0
32,43,0,0
33,43,0,0
34,43,0,0
35,43,0,0
36,43,0,0
37,43,0,0
38,43,0,0
39,43,0,0
40,43,0,0
41,43,0,0
42,43,0,0
43,43,0,0
44,43,0,0
45,43,0,0
46,43,0,0
47,43,0,0
48,43,0.00169802154414356,0
49,43,0,0
50,43,0,0
51,43,0,0
1,44,0,0
2,44,0,0
3,44,0,0
4,44,0,0
5,44,0,0
6,44,0,0
7,44,0,0
8,44,0,0
9,44,0,0
10,44,0,0
11,44,0,0
12,44,0,0
13,44,0,0
14,44,0,0
15,44,0,0
16,44,0,0
17,44,0,0
18,44,0,0
19,44,0,0
20,44,0,0
21,44,0,0
22,44,0,0
23,44,0,0
24,44,0,0
25,44,0,0
26,44,0,0
27,44,0,0
28,44,0,0
29,44,0,0
30,44,0,0
31,44,0,0
32,44,0,0
33,44,0,0
34,44,0,0
35,44,0,0
36,44,0,0
37,44,0,0
38,44,0,0
39,44,0,0
40,44,0,0
41,44,0,0
42,44,0,0
43,44,0,0
44,44,0,0
45,44,0,0
46,44,0,0
47,44,0,0
48,44,0.00159813789650798,0
49,44,0,0
50,44,0,0
51,44,0,0
1,45,0,0
2,45,0,0
3,45,0,0
4,45,0,0
5,45,0,0
6,45,0,0
7,45,0,0
8,45,0,0
9,45,0,0
10,45,0,0
11,45,0,0
12,45,0,0
13,45,0,0
14,45,7.13164990884252e-05,0
15,45,0.000186869307071902,0
16,45,0,0
17,45,0,0
18,45,0,0
19,45,0,0
20,45,0,0
21,45,0,0
22,45,0,0
23,45,0,0
24,45,0,0
25,45,0,0
26,45,0,0
27,45,0,0
28,45,0,0
29,45,0,0
30,45,0,0
31,45,0,0
32,45,0,0
33,45,0,0
34,45,0,0
35,45,0,0
36,45,0.000983284204266965,0
37,45,0.118736639618874,0
38,45,0.118849538266659,0
39,45,0,0
40,45,0.00161943316925317,0
41,45,0.263296484947205,0
42,45,0.36456435918808,0
43,45,0.000999700161628425,0
44,45,0.000986550119705498,0
45,45,0,0
46,45,0.000199920032173395,0
47,45,0.000301477237371728,0
48,45,0.00749127147719264,0
49,45,0.0500000007450581,0
50,45,0.00139901041984558,0
51,45,0.276300013065338,0
1,46,0,0
2,46,0,0
3,46,0,0
4,46,0,0
5,46,0,0
6,46,0,0
7,46,0,0
8,46,0,0
9,46,0,0
10,46,0,0
11,46,0,0
12,46,0,0
13,46,0,0
14,46,0,0
15,46,0,0
16,46,0,0
17,46,0,0
18,46,0,0
19,46,0,0
20,46,0,0
21,46,0,0
22,46,0,0
23,46,0,0
24,46,0,0
25,46,0,0
26,46,0,0
27,46,0,0
28,46,0,0
29,46,0,0
30,46,0,0
31,46,0,0
32,46,0,0
33,46,0,0
34,46,0,0
35,46,0,0
36,46,0,0
37,46,0,0
38,46,0,0
39,46,0,0
40,46,0,0
41,46,0,0
42,46,0,0
43,46,0.000999700161628425,0
44,46,0.000986550119705498,0
45,46,0,0
46,46,0,0
47,46,0.000301477237371728,0
48,46,0.00749127147719264,0
49,46,0.0500000007450581,0
50,46,0,0
51,46,0.552699983119965,0
1,47,0,0
2,47,0,0
3,47,0,0
4,47,0,0
5,47,0,0
6,47,0,0
7,47,0,0
8,47,0,0
9,47,0,0
10,47,0,0
11,47,0,0
12,47,0,0
13,47,0,0
14,47,0,0
15,47,0,0
16,47,0,0
17,47,0,0
18,47,0,0
19,47,0,0
20,47,0,0
21,47,0,0
22,47,0,0
23,47,0,0
24,47,0,0
25,47,0,0
26,47,0,0
27,47,0,0
28,47,0,0
29,47,0,0
30,47,0,0
31,47,0,0
32,47,0,0
33,47,0,0
34,47,0,0
35,47,0,0
36,47,0,0
37,47,0,0
38,47,0,0
39,47,0,0
40,47,0,0
41,47,0,0
42,47,0,0
43,47,0,0
44,47,0,0
45,47,0,0
46,47,0,0
47,47,0,0
48,47,0,0
49,47,0,0
50,47,0,0
51,47,0,0
1,48,0,0
2,48,0,0
3,48,0,0
4,48,0,0
5,48,0,0
6,48,0,0
7,48,0,0
8,48,0,0
9,48,0,0
10,48,0,0
11,48,0,0
12,48,0,0
13,48,0,0
14,48,0,0
15,48,0,0
16,48,0,0
17,48,0,0
18,48,0,0
19,48,0,0
20,48,0,0
21,48,0,0
22,48,0,0
23,48,0,0
24,48,0,0
25,48,0,0
26,48,0,0
27,48,0,0
28,48,0,0
29,48,0,0
30,48,0,0
31,48,0,0
32,48,0,0
33,48,0,0
34,48,0,0
35,48,0,0
36,48,0,0
37,48,0,0
38,48,0,0
39,48,0,0
40,48,0,0
41,48,0,0
42,48,0,0
43,48,0,0
44,48,0,0
45,48,0,0
46,48,0,0
47,48,0,0
48,48,0,0
49,48,0,0
50,48,0,0
51,48,0,0
1,49,0,0
2,49,0,0
3,49,0,0
4,49,0,0
5,49,0,0
6,49,0,0
7,49,0,0
8,49,0,0
9,49,0,0
10,49,0,0
11,49,0,0
12,49,0,0
13,49,0,0
14,49,0,0
15,49,0,0
16,49,0,0
17,49,0,0
18,49,0,0
19,49,0,0
20,49,0,0
21,49,0,0
22,49,0,0
23,49,0,0
24,49,0,0
25,49,0,0
26,49,0,0
27,49,0,0
28,49,0,0
29,49,0,0
30,49,0,0
31,49,0,0
32,49,0,0
33,49,0,0
34,49,0,0
35,49,0,0
36,49,0,0
37,49,0,0
38,49,0,0
39,49,0,0
40,49,0,0
41,49,0,0
42,49,0,0
43,49,0,0
44,49,0,0
45,49,0,0
46,49,0,0
47,49,0,0
48,49,0,0
49,49,0,0
50,49,0,0
51,49,0,0
1,50,0,0
2,50,0,0
3,50,0,0
4,50,0,0
5,50,0,0
6,50,0,0
7,50,0,0
8,50,0,0
9,50,0,0
10,50,0,0
11,50,0,0
12,50,0,0
13,50,0,0
14,50,0,0
15,50,0,0
16,50,0,0
17,50,0,0
18,50,0,0
19,50,0,0
20,50,0,0
21,50,0,0
22,50,0,0
23,50,0,0
24,50,0,0
25,50,0,0
26,50,0,0
27,50,0,0
28,50,0,0
29,50,0,0
30,50,0,0
31,50,0,0
32,50,0,0
33,50,0,0
34,50,0,0
35,50,0,0
36,50,0,0
37,50,0,0
38,50,0,0
39,50,0,0
40,50,0,0
41,50,0,0
42,50,0,0
43,50,0,0
44,50,0,0
45,50,0,0
46,50,0,0
47,50,0,0
48,50,0,0
49,50,0,0
50,50,0,0
51,50,0,0
1,51,0,0
2,51,0,0
3,51,0,0
4,51,0,0
5,51,0,0
6,51,0,0
7,51,0,0
8,51,0,0
9,51,0,0
10,51,0,0
11,51,0,0
12,51,0,0
13,51,0,0
14,51,0,0
15,51,0,0
16,51,0,0
17,51,0,0
18,51,0,0
19,51,0,0
20,51,0,0
21,51,0,0
22,51,0,0
23,51,0,0
24,51,0,0
25,51,0,0
26,51,0,0
27,51,0,0
28,51,0,0
29,51,0,0
30,51,0,0
31,51,0,0
32,51,0,0
33,51,0,0
34,51,0,0
35,51,0,0
36,51,0,0
37,51,0,0
38,51,0,0
39,51,0,0
40,51,0,0
41,51,0,0
42,51,0,0
43,51,0,0
44,51,0,0
45,51,0,0
46,51,0,0
47,51,0,0
48,51,0,0
49,51,0,0
50,51,0,0
51,51,0,0
