"predator_id","prey_id","quality_code","source","notes"
"SP006","SP001",1,"Frelat & Kortsch (2020) Baltic Food Web Tutorial","Original data from Gulf of Riga, 1979-2016"
"SP008","SP001",1,"Frelat & Kortsch (2020) Baltic Food Web Tutorial","Original data from Gulf of Riga, 1979-2016"
"SP011","SP001",1,"Frelat & Kortsch (2020) Baltic Food Web Tutorial","Original data from Gulf of Riga, 1979-2016"
"SP012","SP001",1,"Frelat & Kortsch (2020) Baltic Food Web Tutorial","Original data from Gulf of Riga, 1979-2016"
"SP013","SP001",1,"Frelat & Kortsch (2020) Baltic Food Web Tutorial","Original data from Gulf of Riga, 1979-2016"
"SP015","SP001",1,"Frelat & Kortsch (2020) Baltic Food Web Tutorial","Original data from Gulf of Riga, 1979-2016"
"SP016","SP001",1,"Frelat & Kortsch (2020) Baltic Food Web Tutorial","Original data from Gulf of Riga, 1979-2016"
"SP019","SP001",1,"Frelat & Kortsch (2020) Baltic Food Web Tutorial","Original data from Gulf of Riga, 1979-2016"
"SP024","SP001",1,"Frelat & Kortsch (2020) Baltic Food Web Tutorial","Original data from Gulf of Riga, 1979-2016"
"SP026","SP001",1,"Frelat & Kortsch (2020) Baltic Food Web Tutorial","Original data from Gulf of Riga, 1979-2016"
"SP030","SP001",1,"Frelat & Kortsch (2020) Baltic Food Web Tutorial","Original data from Gulf of Riga, 1979-2016"
"SP001","SP002",1,"Frelat & Kortsch (2020) Baltic Food Web Tutorial","Original data from Gulf of Riga, 1979-2016"
"SP004","SP002",1,"Frelat & Kortsch (2020) Baltic Food Web Tutorial","Original data from Gulf of Riga, 1979-2016"
"SP005","SP002",1,"Frelat & Kortsch (2020) Baltic Food Web Tutorial","Original data from Gulf of Riga, 1979-2016"
"SP006","SP002",1,"Frelat & Kortsch (2020) Baltic Food Web Tutorial","Original data from Gulf of Riga, 1979-2016"
"SP007","SP002",1,"Frelat & Kortsch (2020) Baltic Food Web Tutorial","Original data from Gulf of Riga, 1979-2016"
"SP008","SP002",1,"Frelat & Kortsch (2020) Baltic Food Web Tutorial","Original data from Gulf of Riga, 1979-2016"
"SP009","SP002",1,"Frelat & Kortsch (2020) Baltic Food Web Tutorial","Original data from Gulf of Riga, 1979-2016"
"SP010","SP002",1,"Frelat & Kortsch (2020) Baltic Food Web Tutorial","Original data from Gulf of Riga, 1979-2016"
"SP011","SP002",1,"Frelat & Kortsch (2020) Baltic Food Web Tutorial","Original data from Gulf of Riga, 1979-2016"
"SP015","SP002",1,"Frelat & Kortsch (2020) Baltic Food Web Tutorial","Original data from Gulf of Riga, 1979-2016"
"SP016","SP002",1,"Frelat & Kortsch (2020) Baltic Food Web Tutorial","Original data from Gulf of Riga, 1979-2016"
"SP001","SP003",1,"Frelat & Kortsch (2020) Baltic Food Web Tutorial","Original data from Gulf of Riga, 1979-2016"
"SP005","SP003",1,"Frelat & Kortsch (2020) Baltic Food Web Tutorial","Original data from Gulf of Riga, 1979-2016"
"SP006","SP003",1,"Frelat & Kortsch (2020) Baltic Food Web Tutorial","Original data from Gulf of Riga, 1979-2016"
"SP009","SP003",1,"Frelat & Kortsch (2020) Baltic Food Web Tutorial","Original data from Gulf of Riga, 1979-2016"
"SP010","SP003",1,"Frelat & Kortsch (2020) Baltic Food Web Tutorial","Original data from Gulf of Riga, 1979-2016"
"SP011","SP003",1,"Frelat & Kortsch (2020) Baltic Food Web Tutorial","Original data from Gulf of Riga, 1979-2016"
"SP015","SP003",1,"Frelat & Kortsch (2020) Baltic Food Web Tutorial","Original data from Gulf of Riga, 1979-2016"
"SP016","SP003",1,"Frelat & Kortsch (2020) Baltic Food Web Tutorial","Original data from Gulf of Riga, 1979-2016"
"SP001","SP004",1,"Frelat & Kortsch (2020) Baltic Food Web Tutorial","Original data from Gulf of Riga, 1979-2016"
"SP006","SP004",1,"Frelat & Kortsch (2020) Baltic Food Web Tutorial","Original data from Gulf of Riga, 1979-2016"
"SP010","SP004",1,"Frelat & Kortsch (2020) Baltic Food Web Tutorial","Original data from Gulf of Riga, 1979-2016"
"SP011","SP004",1,"Frelat & Kortsch (2020) Baltic Food Web Tutorial","Original data from Gulf of Riga, 1979-2016"
"SP015","SP004",1,"Frelat & Kortsch (2020) Baltic Food Web Tutorial","Original data from Gulf of Riga, 1979-2016"
"SP016","SP004",1,"Frelat & Kortsch (2020) Baltic Food Web Tutorial","Original data from Gulf of Riga, 1979-2016"
"SP008","SP005",1,"Frelat & Kortsch (2020) Baltic Food Web Tutorial","Original data from Gulf of Riga, 1979-2016"
"SP009","SP005",1,"Frelat & Kortsch (2020) Baltic Food Web Tutorial","Original data from Gulf of Riga, 1979-2016"
"SP010","SP005",1,"Frelat & Kortsch (2020) Baltic Food Web Tutorial","Original data from Gulf of Riga, 1979-2016"
"SP011","SP005",1,"Frelat & Kortsch (2020) Baltic Food Web Tutorial","Original data from Gulf of Riga, 1979-2016"
"SP012","SP005",1,"Frelat & Kortsch (2020) Baltic Food Web Tutorial","Original data from Gulf of Riga, 1979-2016"
"SP015","SP005",1,"Frelat & Kortsch (2020) Baltic Food Web Tutorial","Original data from Gulf of Riga, 1979-2016"
"SP023","SP005",1,"Frelat & Kortsch (2020) Baltic Food Web Tutorial","Original data from Gulf of Riga, 1979-2016"
"SP030","SP005",1,"Frelat & Kortsch (2020) Baltic Food Web Tutorial","Original data from Gulf of Riga, 1979-2016"
"SP012","SP006",1,"Frelat & Kortsch (2020) Baltic Food Web Tutorial","Original data from Gulf of Riga, 1979-2016"
"SP013","SP006",1,"Frelat & Kortsch (2020) Baltic Food Web Tutorial","Original data from Gulf of Riga, 1979-2016"
"SP019","SP006",1,"Frelat & Kortsch (2020) Baltic Food Web Tutorial","Original data from Gulf of Riga, 1979-2016"
"SP023","SP006",1,"Frelat & Kortsch (2020) Baltic Food Web Tutorial","Original data from Gulf of Riga, 1979-2016"
"SP026","SP006",1,"Frelat & Kortsch (2020) Baltic Food Web Tutorial","Original data from Gulf of Riga, 1979-2016"
"SP030","SP006",1,"Frelat & Kortsch (2020) Baltic Food Web Tutorial","Original data from Gulf of Riga, 1979-2016"
"SP012","SP007",1,"Frelat & Kortsch (2020) Baltic Food Web Tutorial","Original data from Gulf of Riga, 1979-2016"
"SP023","SP007",1,"Frelat & Kortsch (2020) Baltic Food Web Tutorial","Original data from Gulf of Riga, 1979-2016"
"SP024","SP007",1,"Frelat & Kortsch (2020) Baltic Food Web Tutorial","Original data from Gulf of Riga, 1979-2016"
"SP026","SP007",1,"Frelat & Kortsch (2020) Baltic Food Web Tutorial","Original data from Gulf of Riga, 1979-2016"
"SP013","SP008",1,"Frelat & Kortsch (2020) Baltic Food Web Tutorial","Original data from Gulf of Riga, 1979-2016"
"SP014","SP008",1,"Frelat & Kortsch (2020) Baltic Food Web Tutorial","Original data from Gulf of Riga, 1979-2016"
"SP019","SP008",1,"Frelat & Kortsch (2020) Baltic Food Web Tutorial","Original data from Gulf of Riga, 1979-2016"
"SP022","SP008",1,"Frelat & Kortsch (2020) Baltic Food Web Tutorial","Original data from Gulf of Riga, 1979-2016"
"SP023","SP008",1,"Frelat & Kortsch (2020) Baltic Food Web Tutorial","Original data from Gulf of Riga, 1979-2016"
"SP024","SP008",1,"Frelat & Kortsch (2020) Baltic Food Web Tutorial","Original data from Gulf of Riga, 1979-2016"
"SP025","SP008",1,"Frelat & Kortsch (2020) Baltic Food Web Tutorial","Original data from Gulf of Riga, 1979-2016"
"SP026","SP008",1,"Frelat & Kortsch (2020) Baltic Food Web Tutorial","Original data from Gulf of Riga, 1979-2016"
"SP027","SP008",1,"Frelat & Kortsch (2020) Baltic Food Web Tutorial","Original data from Gulf of Riga, 1979-2016"
"SP030","SP008",1,"Frelat & Kortsch (2020) Baltic Food Web Tutorial","Original data from Gulf of Riga, 1979-2016"
"SP012","SP009",1,"Frelat & Kortsch (2020) Baltic Food Web Tutorial","Original data from Gulf of Riga, 1979-2016"
"SP013","SP009",1,"Frelat & Kortsch (2020) Baltic Food Web Tutorial","Original data from Gulf of Riga, 1979-2016"
"SP019","SP009",1,"Frelat & Kortsch (2020) Baltic Food Web Tutorial","Original data from Gulf of Riga, 1979-2016"
"SP023","SP009",1,"Frelat & Kortsch (2020) Baltic Food Web Tutorial","Original data from Gulf of Riga, 1979-2016"
"SP026","SP009",1,"Frelat & Kortsch (2020) Baltic Food Web Tutorial","Original data from Gulf of Riga, 1979-2016"
"SP030","SP009",1,"Frelat & Kortsch (2020) Baltic Food Web Tutorial","Original data from Gulf of Riga, 1979-2016"
"SP012","SP010",1,"Frelat & Kortsch (2020) Baltic Food Web Tutorial","Original data from Gulf of Riga, 1979-2016"
"SP013","SP010",1,"Frelat & Kortsch (2020) Baltic Food Web Tutorial","Original data from Gulf of Riga, 1979-2016"
"SP019","SP010",1,"Frelat & Kortsch (2020) Baltic Food Web Tutorial","Original data from Gulf of Riga, 1979-2016"
"SP023","SP010",1,"Frelat & Kortsch (2020) Baltic Food Web Tutorial","Original data from Gulf of Riga, 1979-2016"
"SP026","SP010",1,"Frelat & Kortsch (2020) Baltic Food Web Tutorial","Original data from Gulf of Riga, 1979-2016"
"SP034","SP010",1,"Frelat & Kortsch (2020) Baltic Food Web Tutorial","Original data from Gulf of Riga, 1979-2016"
"SP012","SP011",1,"Frelat & Kortsch (2020) Baltic Food Web Tutorial","Original data from Gulf of Riga, 1979-2016"
"SP013","SP011",1,"Frelat & Kortsch (2020) Baltic Food Web Tutorial","Original data from Gulf of Riga, 1979-2016"
"SP014","SP011",1,"Frelat & Kortsch (2020) Baltic Food Web Tutorial","Original data from Gulf of Riga, 1979-2016"
"SP019","SP011",1,"Frelat & Kortsch (2020) Baltic Food Web Tutorial","Original data from Gulf of Riga, 1979-2016"
"SP023","SP011",1,"Frelat & Kortsch (2020) Baltic Food Web Tutorial","Original data from Gulf of Riga, 1979-2016"
"SP024","SP011",1,"Frelat & Kortsch (2020) Baltic Food Web Tutorial","Original data from Gulf of Riga, 1979-2016"
"SP026","SP011",1,"Frelat & Kortsch (2020) Baltic Food Web Tutorial","Original data from Gulf of Riga, 1979-2016"
"SP027","SP011",1,"Frelat & Kortsch (2020) Baltic Food Web Tutorial","Original data from Gulf of Riga, 1979-2016"
"SP030","SP011",1,"Frelat & Kortsch (2020) Baltic Food Web Tutorial","Original data from Gulf of Riga, 1979-2016"
"SP033","SP011",1,"Frelat & Kortsch (2020) Baltic Food Web Tutorial","Original data from Gulf of Riga, 1979-2016"
"SP013","SP012",1,"Frelat & Kortsch (2020) Baltic Food Web Tutorial","Original data from Gulf of Riga, 1979-2016"
"SP022","SP012",1,"Frelat & Kortsch (2020) Baltic Food Web Tutorial","Original data from Gulf of Riga, 1979-2016"
"SP023","SP012",1,"Frelat & Kortsch (2020) Baltic Food Web Tutorial","Original data from Gulf of Riga, 1979-2016"
"SP024","SP012",1,"Frelat & Kortsch (2020) Baltic Food Web Tutorial","Original data from Gulf of Riga, 1979-2016"
"SP027","SP012",1,"Frelat & Kortsch (2020) Baltic Food Web Tutorial","Original data from Gulf of Riga, 1979-2016"
"SP028","SP012",1,"Frelat & Kortsch (2020) Baltic Food Web Tutorial","Original data from Gulf of Riga, 1979-2016"
"SP029","SP012",1,"Frelat & Kortsch (2020) Baltic Food Web Tutorial","Original data from Gulf of Riga, 1979-2016"
"SP030","SP012",1,"Frelat & Kortsch (2020) Baltic Food Web Tutorial","Original data from Gulf of Riga, 1979-2016"
"SP034","SP012",1,"Frelat & Kortsch (2020) Baltic Food Web Tutorial","Original data from Gulf of Riga, 1979-2016"
"SP022","SP013",1,"Frelat & Kortsch (2020) Baltic Food Web Tutorial","Original data from Gulf of Riga, 1979-2016"
"SP023","SP013",1,"Frelat & Kortsch (2020) Baltic Food Web Tutorial","Original data from Gulf of Riga, 1979-2016"
"SP024","SP013",1,"Frelat & Kortsch (2020) Baltic Food Web Tutorial","Original data from Gulf of Riga, 1979-2016"
"SP027","SP013",1,"Frelat & Kortsch (2020) Baltic Food Web Tutorial","Original data from Gulf of Riga, 1979-2016"
"SP028","SP013",1,"Frelat & Kortsch (2020) Baltic Food Web Tutorial","Original data from Gulf of Riga, 1979-2016"
"SP030","SP013",1,"Frelat & Kortsch (2020) Baltic Food Web Tutorial","Original data from Gulf of Riga, 1979-2016"
"SP031","SP013",1,"Frelat & Kortsch (2020) Baltic Food Web Tutorial","Original data from Gulf of Riga, 1979-2016"
"SP033","SP013",1,"Frelat & Kortsch (2020) Baltic Food Web Tutorial","Original data from Gulf of Riga, 1979-2016"
"SP034","SP013",1,"Frelat & Kortsch (2020) Baltic Food Web Tutorial","Original data from Gulf of Riga, 1979-2016"
"SP012","SP014",1,"Frelat & Kortsch (2020) Baltic Food Web Tutorial","Original data from Gulf of Riga, 1979-2016"
"SP013","SP014",1,"Frelat & Kortsch (2020) Baltic Food Web Tutorial","Original data from Gulf of Riga, 1979-2016"
"SP023","SP014",1,"Frelat & Kortsch (2020) Baltic Food Web Tutorial","Original data from Gulf of Riga, 1979-2016"
"SP024","SP014",1,"Frelat & Kortsch (2020) Baltic Food Web Tutorial","Original data from Gulf of Riga, 1979-2016"
"SP027","SP014",1,"Frelat & Kortsch (2020) Baltic Food Web Tutorial","Original data from Gulf of Riga, 1979-2016"
"SP028","SP014",1,"Frelat & Kortsch (2020) Baltic Food Web Tutorial","Original data from Gulf of Riga, 1979-2016"
"SP029","SP014",1,"Frelat & Kortsch (2020) Baltic Food Web Tutorial","Original data from Gulf of Riga, 1979-2016"
"SP030","SP014",1,"Frelat & Kortsch (2020) Baltic Food Web Tutorial","Original data from Gulf of Riga, 1979-2016"
"SP031","SP014",1,"Frelat & Kortsch (2020) Baltic Food Web Tutorial","Original data from Gulf of Riga, 1979-2016"
"SP034","SP014",1,"Frelat & Kortsch (2020) Baltic Food Web Tutorial","Original data from Gulf of Riga, 1979-2016"
"SP010","SP015",1,"Frelat & Kortsch (2020) Baltic Food Web Tutorial","Original data from Gulf of Riga, 1979-2016"
"SP011","SP015",1,"Frelat & Kortsch (2020) Baltic Food Web Tutorial","Original data from Gulf of Riga, 1979-2016"
"SP012","SP015",1,"Frelat & Kortsch (2020) Baltic Food Web Tutorial","Original data from Gulf of Riga, 1979-2016"
"SP013","SP015",1,"Frelat & Kortsch (2020) Baltic Food Web Tutorial","Original data from Gulf of Riga, 1979-2016"
"SP016","SP015",1,"Frelat & Kortsch (2020) Baltic Food Web Tutorial","Original data from Gulf of Riga, 1979-2016"
"SP019","SP015",1,"Frelat & Kortsch (2020) Baltic Food Web Tutorial","Original data from Gulf of Riga, 1979-2016"
"SP022","SP015",1,"Frelat & Kortsch (2020) Baltic Food Web Tutorial","Original data from Gulf of Riga, 1979-2016"
"SP023","SP015",1,"Frelat & Kortsch (2020) Baltic Food Web Tutorial","Original data from Gulf of Riga, 1979-2016"
"SP024","SP015",1,"Frelat & Kortsch (2020) Baltic Food Web Tutorial","Original data from Gulf of Riga, 1979-2016"
"SP027","SP015",1,"Frelat & Kortsch (2020) Baltic Food Web Tutorial","Original data from Gulf of Riga, 1979-2016"
"SP030","SP015",1,"Frelat & Kortsch (2020) Baltic Food Web Tutorial","Original data from Gulf of Riga, 1979-2016"
"SP010","SP016",1,"Frelat & Kortsch (2020) Baltic Food Web Tutorial","Original data from Gulf of Riga, 1979-2016"
"SP011","SP016",1,"Frelat & Kortsch (2020) Baltic Food Web Tutorial","Original data from Gulf of Riga, 1979-2016"
"SP012","SP016",1,"Frelat & Kortsch (2020) Baltic Food Web Tutorial","Original data from Gulf of Riga, 1979-2016"
"SP013","SP016",1,"Frelat & Kortsch (2020) Baltic Food Web Tutorial","Original data from Gulf of Riga, 1979-2016"
"SP023","SP016",1,"Frelat & Kortsch (2020) Baltic Food Web Tutorial","Original data from Gulf of Riga, 1979-2016"
"SP034","SP016",1,"Frelat & Kortsch (2020) Baltic Food Web Tutorial","Original data from Gulf of Riga, 1979-2016"
"SP013","SP017",1,"Frelat & Kortsch (2020) Baltic Food Web Tutorial","Original data from Gulf of Riga, 1979-2016"
"SP014","SP017",1,"Frelat & Kortsch (2020) Baltic Food Web Tutorial","Original data from Gulf of Riga, 1979-2016"
"SP023","SP017",1,"Frelat & Kortsch (2020) Baltic Food Web Tutorial","Original data from Gulf of Riga, 1979-2016"
"SP024","SP017",1,"Frelat & Kortsch (2020) Baltic Food Web Tutorial","Original data from Gulf of Riga, 1979-2016"
"SP025","SP017",1,"Frelat & Kortsch (2020) Baltic Food Web Tutorial","Original data from Gulf of Riga, 1979-2016"
"SP027","SP017",1,"Frelat & Kortsch (2020) Baltic Food Web Tutorial","Original data from Gulf of Riga, 1979-2016"
"SP030","SP017",1,"Frelat & Kortsch (2020) Baltic Food Web Tutorial","Original data from Gulf of Riga, 1979-2016"
"SP033","SP017",1,"Frelat & Kortsch (2020) Baltic Food Web Tutorial","Original data from Gulf of Riga, 1979-2016"
"SP034","SP017",1,"Frelat & Kortsch (2020) Baltic Food Web Tutorial","Original data from Gulf of Riga, 1979-2016"
"SP012","SP018",1,"Frelat & Kortsch (2020) Baltic Food Web Tutorial","Original data from Gulf of Riga, 1979-2016"
"SP013","SP018",1,"Frelat & Kortsch (2020) Baltic Food Web Tutorial","Original data from Gulf of Riga, 1979-2016"
"SP014","SP018",1,"Frelat & Kortsch (2020) Baltic Food Web Tutorial","Original data from Gulf of Riga, 1979-2016"
"SP022","SP018",1,"Frelat & Kortsch (2020) Baltic Food Web Tutorial","Original data from Gulf of Riga, 1979-2016"
"SP023","SP018",1,"Frelat & Kortsch (2020) Baltic Food Web Tutorial","Original data from Gulf of Riga, 1979-2016"
"SP024","SP018",1,"Frelat & Kortsch (2020) Baltic Food Web Tutorial","Original data from Gulf of Riga, 1979-2016"
"SP025","SP018",1,"Frelat & Kortsch (2020) Baltic Food Web Tutorial","Original data from Gulf of Riga, 1979-2016"
"SP027","SP018",1,"Frelat & Kortsch (2020) Baltic Food Web Tutorial","Original data from Gulf of Riga, 1979-2016"
"SP030","SP018",1,"Frelat & Kortsch (2020) Baltic Food Web Tutorial","Original data from Gulf of Riga, 1979-2016"
"SP034","SP018",1,"Frelat & Kortsch (2020) Baltic Food Web Tutorial","Original data from Gulf of Riga, 1979-2016"
"SP013","SP019",1,"Frelat & Kortsch (2020) Baltic Food Web Tutorial","Original data from Gulf of Riga, 1979-2016"
"SP028","SP019",1,"Frelat & Kortsch (2020) Baltic Food Web Tutorial","Original data from Gulf of Riga, 1979-2016"
"SP001","SP020",1,"Frelat & Kortsch (2020) Baltic Food Web Tutorial","Original data from Gulf of Riga, 1979-2016"
"SP004","SP020",1,"Frelat & Kortsch (2020) Baltic Food Web Tutorial","Original data from Gulf of Riga, 1979-2016"
"SP005","SP020",1,"Frelat & Kortsch (2020) Baltic Food Web Tutorial","Original data from Gulf of Riga, 1979-2016"
"SP007","SP020",1,"Frelat & Kortsch (2020) Baltic Food Web Tutorial","Original data from Gulf of Riga, 1979-2016"
"SP008","SP020",1,"Frelat & Kortsch (2020) Baltic Food Web Tutorial","Original data from Gulf of Riga, 1979-2016"
"SP009","SP020",1,"Frelat & Kortsch (2020) Baltic Food Web Tutorial","Original data from Gulf of Riga, 1979-2016"
"SP016","SP020",1,"Frelat & Kortsch (2020) Baltic Food Web Tutorial","Original data from Gulf of Riga, 1979-2016"
"SP017","SP020",1,"Frelat & Kortsch (2020) Baltic Food Web Tutorial","Original data from Gulf of Riga, 1979-2016"
"SP018","SP020",1,"Frelat & Kortsch (2020) Baltic Food Web Tutorial","Original data from Gulf of Riga, 1979-2016"
"SP019","SP020",1,"Frelat & Kortsch (2020) Baltic Food Web Tutorial","Original data from Gulf of Riga, 1979-2016"
"SP021","SP020",1,"Frelat & Kortsch (2020) Baltic Food Web Tutorial","Original data from Gulf of Riga, 1979-2016"
"SP032","SP020",1,"Frelat & Kortsch (2020) Baltic Food Web Tutorial","Original data from Gulf of Riga, 1979-2016"
"SP014","SP021",1,"Frelat & Kortsch (2020) Baltic Food Web Tutorial","Original data from Gulf of Riga, 1979-2016"
"SP019","SP021",1,"Frelat & Kortsch (2020) Baltic Food Web Tutorial","Original data from Gulf of Riga, 1979-2016"
"SP025","SP021",1,"Frelat & Kortsch (2020) Baltic Food Web Tutorial","Original data from Gulf of Riga, 1979-2016"
"SP027","SP021",1,"Frelat & Kortsch (2020) Baltic Food Web Tutorial","Original data from Gulf of Riga, 1979-2016"
"SP030","SP021",1,"Frelat & Kortsch (2020) Baltic Food Web Tutorial","Original data from Gulf of Riga, 1979-2016"
"SP031","SP021",1,"Frelat & Kortsch (2020) Baltic Food Web Tutorial","Original data from Gulf of Riga, 1979-2016"
"SP033","SP021",1,"Frelat & Kortsch (2020) Baltic Food Web Tutorial","Original data from Gulf of Riga, 1979-2016"
"SP024","SP022",1,"Frelat & Kortsch (2020) Baltic Food Web Tutorial","Original data from Gulf of Riga, 1979-2016"
"SP028","SP022",1,"Frelat & Kortsch (2020) Baltic Food Web Tutorial","Original data from Gulf of Riga, 1979-2016"
"SP013","SP023",1,"Frelat & Kortsch (2020) Baltic Food Web Tutorial","Original data from Gulf of Riga, 1979-2016"
"SP024","SP023",1,"Frelat & Kortsch (2020) Baltic Food Web Tutorial","Original data from Gulf of Riga, 1979-2016"
"SP027","SP023",1,"Frelat & Kortsch (2020) Baltic Food Web Tutorial","Original data from Gulf of Riga, 1979-2016"
"SP028","SP023",1,"Frelat & Kortsch (2020) Baltic Food Web Tutorial","Original data from Gulf of Riga, 1979-2016"
"SP029","SP023",1,"Frelat & Kortsch (2020) Baltic Food Web Tutorial","Original data from Gulf of Riga, 1979-2016"
"SP034","SP023",1,"Frelat & Kortsch (2020) Baltic Food Web Tutorial","Original data from Gulf of Riga, 1979-2016"
"SP013","SP025",1,"Frelat & Kortsch (2020) Baltic Food Web Tutorial","Original data from Gulf of Riga, 1979-2016"
"SP022","SP025",1,"Frelat & Kortsch (2020) Baltic Food Web Tutorial","Original data from Gulf of Riga, 1979-2016"
"SP024","SP025",1,"Frelat & Kortsch (2020) Baltic Food Web Tutorial","Original data from Gulf of Riga, 1979-2016"
"SP027","SP025",1,"Frelat & Kortsch (2020) Baltic Food Web Tutorial","Original data from Gulf of Riga, 1979-2016"
"SP028","SP025",1,"Frelat & Kortsch (2020) Baltic Food Web Tutorial","Original data from Gulf of Riga, 1979-2016"
"SP029","SP025",1,"Frelat & Kortsch (2020) Baltic Food Web Tutorial","Original data from Gulf of Riga, 1979-2016"
"SP030","SP025",1,"Frelat & Kortsch (2020) Baltic Food Web Tutorial","Original data from Gulf of Riga, 1979-2016"
"SP034","SP025",1,"Frelat & Kortsch (2020) Baltic Food Web Tutorial","Original data from Gulf of Riga, 1979-2016"
"SP024","SP026",1,"Frelat & Kortsch (2020) Baltic Food Web Tutorial","Original data from Gulf of Riga, 1979-2016"
"SP029","SP026",1,"Frelat & Kortsch (2020) Baltic Food Web Tutorial","Original data from Gulf of Riga, 1979-2016"
"SP022","SP027",1,"Frelat & Kortsch (2020) Baltic Food Web Tutorial","Original data from Gulf of Riga, 1979-2016"
"SP024","SP027",1,"Frelat & Kortsch (2020) Baltic Food Web Tutorial","Original data from Gulf of Riga, 1979-2016"
"SP028","SP027",1,"Frelat & Kortsch (2020) Baltic Food Web Tutorial","Original data from Gulf of Riga, 1979-2016"
"SP034","SP027",1,"Frelat & Kortsch (2020) Baltic Food Web Tutorial","Original data from Gulf of Riga, 1979-2016"
"SP024","SP028",1,"Frelat & Kortsch (2020) Baltic Food Web Tutorial","Original data from Gulf of Riga, 1979-2016"
"SP024","SP029",1,"Frelat & Kortsch (2020) Baltic Food Web Tutorial","Original data from Gulf of Riga, 1979-2016"
"SP030","SP029",1,"Frelat & Kortsch (2020) Baltic Food Web Tutorial","Original data from Gulf of Riga, 1979-2016"
"SP034","SP029",1,"Frelat & Kortsch (2020) Baltic Food Web Tutorial","Original data from Gulf of Riga, 1979-2016"
"SP024","SP030",1,"Frelat & Kortsch (2020) Baltic Food Web Tutorial","Original data from Gulf of Riga, 1979-2016"
"SP028","SP030",1,"Frelat & Kortsch (2020) Baltic Food Web Tutorial","Original data from Gulf of Riga, 1979-2016"
"SP024","SP031",1,"Frelat & Kortsch (2020) Baltic Food Web Tutorial","Original data from Gulf of Riga, 1979-2016"
"SP034","SP031",1,"Frelat & Kortsch (2020) Baltic Food Web Tutorial","Original data from Gulf of Riga, 1979-2016"
"SP014","SP032",1,"Frelat & Kortsch (2020) Baltic Food Web Tutorial","Original data from Gulf of Riga, 1979-2016"
"SP030","SP032",1,"Frelat & Kortsch (2020) Baltic Food Web Tutorial","Original data from Gulf of Riga, 1979-2016"
"SP033","SP032",1,"Frelat & Kortsch (2020) Baltic Food Web Tutorial","Original data from Gulf of Riga, 1979-2016"
"SP028","SP033",1,"Frelat & Kortsch (2020) Baltic Food Web Tutorial","Original data from Gulf of Riga, 1979-2016"
"SP034","SP033",1,"Frelat & Kortsch (2020) Baltic Food Web Tutorial","Original data from Gulf of Riga, 1979-2016"
"SP028","SP034",1,"Frelat & Kortsch (2020) Baltic Food Web Tutorial","Original data from Gulf of Riga, 1979-2016"
